$ pnpm run check:node && pnpm run check:seams && pnpm run build && pnpm run typecheck && pnpm run test:local
$ node scripts/require-node.mjs
$ node scripts/check-seams.mjs
seams: every dsh-facing source file declares its seam
$ pnpm -r run build
Scope: 2 of 3 workspace projects
packages/desktop build$ tsc -p tsconfig.json
packages/harness build$ tsc -p tsconfig.json && node scripts/build-client.mjs
packages/desktop build: Done
packages/harness build: client: lib/client.js (63856 bytes)
packages/harness build: Done
$ pnpm -r run typecheck && tsc -p test/tsconfig.json
Scope: 2 of 3 workspace projects
packages/desktop typecheck$ tsc -p tsconfig.json --noEmit
packages/harness typecheck$ tsc -p tsconfig.json --noEmit && tsc -p tsconfig.client.json
packages/desktop typecheck: Done
packages/harness typecheck: Done
$ node scripts/run-contract-tests.mjs local
local: 19 selected; 0 unselected in local; other groups not run (not passes)
TAP version 13
# (node:64013) [TAG_RESOLVE_FAILED] YAMLWarning: Unresolved tag: tag:yaml.org,2002:js at line 66, column 11:
#     root: !!js dshHomePath('sessions')
#           ^^^^
# (Use `node --trace-warnings ...` to show where the warning was created)
# (node:64013) [TAG_RESOLVE_FAILED] YAMLWarning: Unresolved tag: tag:yaml.org,2002:js at line 81, column 11:
#     root: !!js dshHomePath('storages')
#           ^^^^
# (node:64013) [TAG_RESOLVE_FAILED] YAMLWarning: Unresolved tag: tag:yaml.org,2002:js at line 95, column 11:
#     mode: !!js process.env.DSH_TELEMETRY_MODE || 'FEEDBACK_ONLY'
#           ^^^^
# (node:64013) [TAG_RESOLVE_FAILED] YAMLWarning: Unresolved tag: tag:yaml.org,2002:js at line 98, column 12:
#       url: !!js >-
#            ^^^^
# (node:64013) [TAG_RESOLVE_FAILED] YAMLWarning: Unresolved tag: tag:yaml.org,2002:js at line 117, column 11:
#     mode: !!js process.env.DSH_PERMISSION_MODE ?? 'workspace-write'
#           ^^^^
# (node:64013) [TAG_RESOLVE_FAILED] YAMLWarning: Unresolved tag: tag:yaml.org,2002:js at line 118, column 20:
#     workspaceRoot: !!js process.cwd()
#                    ^^^^
# (node:64013) [TAG_RESOLVE_FAILED] YAMLWarning: Unresolved tag: tag:yaml.org,2002:js at line 121, column 13:
#   disabled: !!js process.platform === 'win32'
#             ^^^^
# (node:64013) [TAG_RESOLVE_FAILED] YAMLWarning: Unresolved tag: tag:yaml.org,2002:js at line 126, column 13:
#   disabled: !!js process.platform !== 'win32'
#             ^^^^
# (node:64013) [TAG_RESOLVE_FAILED] YAMLWarning: Unresolved tag: tag:yaml.org,2002:js at line 130, column 13:
#     policy: !!js >-
#             ^^^^
# (node:64013) [TAG_RESOLVE_FAILED] YAMLWarning: Unresolved tag: tag:yaml.org,2002:js at line 367, column 11:
#     mode: !!js process.env.DSH_TOOLS_MODE
#           ^^^^
# (node:64013) [TAG_RESOLVE_FAILED] YAMLWarning: Unresolved tag: tag:yaml.org,2002:js at line 432, column 11:
#     host: !!js ctx.webStartup.host ?? '127.0.0.1'
#           ^^^^
# (node:64013) [TAG_RESOLVE_FAILED] YAMLWarning: Unresolved tag: tag:yaml.org,2002:js at line 433, column 11:
#     port: !!js ctx.webStartup.port ?? 3080
#           ^^^^
# (node:64013) [TAG_RESOLVE_FAILED] YAMLWarning: Unresolved tag: tag:yaml.org,2002:js at line 442, column 18:
#     openBrowser: !!js ctx.webStartup.openBrowser
#                  ^^^^
# (node:64013) [TAG_RESOLVE_FAILED] YAMLWarning: Unresolved tag: tag:yaml.org,2002:js at line 445, column 19:
#     trustedHosts: !!js ctx.webStartup.trustedHosts
#                   ^^^^
# (node:64013) [TAG_RESOLVE_FAILED] YAMLWarning: Unresolved tag: tag:yaml.org,2002:js at line 455, column 19:
#     trustedHosts: !!js ctx.webRuntime.trustedHosts
#                   ^^^^
# (node:64013) [TAG_RESOLVE_FAILED] YAMLWarning: Unresolved tag: tag:yaml.org,2002:js at line 551, column 15:
#     sitesDir: !!js dshHomePath('hima/sites')
#               ^^^^
# (node:64013) [TAG_RESOLVE_FAILED] YAMLWarning: Unresolved tag: tag:yaml.org,2002:js at line 552, column 15:
#     packsDir: !!js dshHomePath('hima/packs')
#               ^^^^
# Subtest: the hima profile composes dsh-base, the Hima bundle, and the privacy overlay
ok 1 - the hima profile composes dsh-base, the Hima bundle, and the privacy overlay
  ---
  duration_ms: 63.960917
  type: 'test'
  ...
# Subtest: the hima profile boots as a real host, serves the web app, and stops cleanly on SIGTERM
ok 2 - the hima profile boots as a real host, serves the web app, and stops cleanly on SIGTERM
  ---
  duration_ms: 3334.987167
  type: 'test'
  ...
# Subtest: /hima version answers with the bundle and host versions, without a model turn
ok 3 - /hima version answers with the bundle and host versions, without a model turn
  ---
  duration_ms: 734.762334
  type: 'test'
  ...
# Subtest: the dc-qor-report reader emits setup WNS, TNS, clock period, hold WNS, and cell area from the real opene902 qor report, with its declaration recorded
ok 4 - the dc-qor-report reader emits setup WNS, TNS, clock period, hold WNS, and cell area from the real opene902 qor report, with its declaration recorded
  ---
  duration_ms: 421.284917
  type: 'test'
  ...
# Subtest: the same real report with a hold violation in it reads as a negative hold slack and FAILs the very rule the unviolated one passes
ok 5 - the same real report with a hold violation in it reads as a negative hold slack and FAILs the very rule the unviolated one passes
  ---
  duration_ms: 196.660583
  type: 'test'
  ...
# Subtest: a qor report truncated before its first path group yields unknown values with a stated reason for each, never a default
ok 6 - a qor report truncated before its first path group yields unknown values with a stated reason for each, never a default
  ---
  duration_ms: 160.374
  type: 'test'
  ...
# Subtest: a qor report missing one line inside its one path group leaves only that value unknown; the rest still read
ok 7 - a qor report missing one line inside its one path group leaves only that value unknown; the rest still read
  ---
  duration_ms: 155.243416
  type: 'test'
  ...
# Subtest: the real report with a Design Compiler built-in group added that has the worse slack: the clock period is still the clock group's, the setup WNS is the built-in's, and each names the group it came from
ok 8 - the real report with a Design Compiler built-in group added that has the worse slack: the clock period is still the clock group's, the setup WNS is the built-in's, and each names the group it came from
  ---
  duration_ms: 151.842458
  type: 'test'
  ...
# Subtest: a qor report whose only path groups are Design Compiler built-ins: the clock period is unknown with a reason naming the groups found, and setup WNS is still the worst of them
ok 9 - a qor report whose only path groups are Design Compiler built-ins: the clock period is unknown with a reason naming the groups found, and setup WNS is still the worst of them
  ---
  duration_ms: 153.454
  type: 'test'
  ...
# Subtest: two clock path groups: setup WNS is the minimum slack naming its group, setup TNS sums every group, hold WNS is the worst violation as a slack, and the clock period is unknown because two clocks are stated
ok 10 - two clock path groups: setup WNS is the minimum slack naming its group, setup TNS sums every group, hold WNS is the worst violation as a slack, and the clock period is unknown because two clocks are stated
  ---
  duration_ms: 149.36625
  type: 'test'
  ...
# Subtest: multiple path groups, one missing its Critical Path Slack line: setup WNS goes unknown naming that group, while TNS and hold WNS (whose lines are complete) still read
ok 11 - multiple path groups, one missing its Critical Path Slack line: setup WNS goes unknown naming that group, while TNS and hold WNS (whose lines are complete) still read
  ---
  duration_ms: 144.654916
  type: 'test'
  ...
# Subtest: the dc-qor-report reader accepts a gzip-compressed report transparently, as the Innovus readers do
ok 12 - the dc-qor-report reader accepts a gzip-compressed report transparently, as the Innovus readers do
  ---
  duration_ms: 144.695833
  type: 'test'
  ...
# Subtest: a report of the wrong kind is refused by the dc-qor-report reader, with no observation recorded
ok 13 - a report of the wrong kind is refused by the dc-qor-report reader, with no observation recorded
  ---
  duration_ms: 144.091666
  type: 'test'
  ...
# Subtest: the acceptance command: /hima observe --reader dc-qor-report --judge clock-period-at-most --param target_period_ns=<ns>, FAIL at a tighter target, PASS at a looser one
ok 14 - the acceptance command: /hima observe --reader dc-qor-report --judge clock-period-at-most --param target_period_ns=<ns>, FAIL at a tighter target, PASS at a looser one
  ---
  duration_ms: 305.828084
  type: 'test'
  ...
# Subtest: the hima_observe tool binds --param the same way: judging clock-period-at-most with params target_period_ns yields the same outcome
ok 15 - the hima_observe tool binds --param the same way: judging clock-period-at-most with params target_period_ns yields the same outcome
  ---
  duration_ms: 171.145209
  type: 'test'
  ...
# Subtest: the hima_observe tool rejects a non-numeric params value with an error result naming the parameter, writing no observation and no verdict
ok 16 - the hima_observe tool rejects a non-numeric params value with an error result naming the parameter, writing no observation and no verdict
  ---
  duration_ms: 160.920625
  type: 'test'
  ...
# Subtest: POST /hima/api/observe binds params the same way: the run view shows the same outcome the command and the tool give
ok 17 - POST /hima/api/observe binds params the same way: the run view shows the same outcome the command and the tool give
  ---
  duration_ms: 1765.101
  type: 'test'
  ...
# Subtest: a licence bounds a launch the way the job cap does: a second run waits for the one seat the site declares, on a site with a free job slot
ok 18 - a licence bounds a launch the way the job cap does: a second run waits for the one seat the site declares, on a site with a free job slot
  ---
  duration_ms: 16422.283583
  type: 'test'
  ...
# the queued run waited: site local declares 1 licence of "synopsys" and is holding 1, and this launch needs 1; this node waits for a slot
# the seat was released at 2026-09-11T09:00:33.272Z and the queued run launched at 2026-09-11T09:00:33.318Z
# run run-4c6d139c-ff14-4245-a83d-6d8bd4970dcf held synopsys for 6130 ms of 8554 ms elapsed
# run run-9e69a36e-b15e-4ecc-8fd7-c4daeb8c16fc held synopsys for 8209 ms of 12731 ms elapsed
# Subtest: a pack whose tool holds a licence the site does not declare is unfit, and the run is refused before anything is launched
ok 19 - a pack whose tool holds a licence the site does not declare is unfit, and the run is refused before anything is launched
  ---
  duration_ms: 367.03475
  type: 'test'
  ...
# pack wants-synopsys@1 on site local: unfit — 1 error; 3 of 3 inputs bound, 1 tool, 2 rules, 1 reader, 1 chooser, 1 licence
# inputs:
#   flowRoot = /private/tmp/hima-tests-lWCMBW/hima-home-wRtZ4f/standin-flow
#   design = opene902
#   workspaceRoot = /private/tmp/hima-tests-lWCMBW/hima-home-wRtZ4f/workspace
# tools:
#   synth (tools/synth.sh): "make" is an allowed wrapper of site local
# rules:
#   setup-wns-all-nonnegative@1: found
#   clock-period-at-most@1: found
# readers:
#   dc-qor-report@1 reads qorReport: found
# choosers:
#   timing-push@1 chooses at next-period: found
# licences:
#   synth holds 1 of "synopsys": site local does not declare it; add it under capacity.licences: in /private/tmp/hima-tests-lWCMBW/hima-home-wRtZ4f/hima/sites/local.yml
# errors:
#   - tool "synth" holds 1 of "synopsys": site local does not declare it; add it under capacity.licences: in /private/tmp/hima-tests-lWCMBW/hima-home-wRtZ4f/hima/sites/local.yml
# pack wants-synopsys@1 on site local: unfit — 1 error; 3 of 3 inputs bound, 1 tool, 2 rules, 1 reader, 1 chooser, 1 licence
# inputs:
#   flowRoot = /private/tmp/hima-tests-lWCMBW/hima-home-wRtZ4f/standin-flow
#   design = opene902
#   workspaceRoot = /private/tmp/hima-tests-lWCMBW/hima-home-wRtZ4f/workspace
# tools:
#   synth (tools/synth.sh): "make" is an allowed wrapper of site local
# rules:
#   setup-wns-all-nonnegative@1: found
#   clock-period-at-most@1: found
# readers:
#   dc-qor-report@1 reads qorReport: found
# choosers:
#   timing-push@1 chooses at next-period: found
# licences:
#   synth holds 1 of "synopsys": site local does not declare it; add it under capacity.licences: in /private/tmp/hima-tests-lWCMBW/hima-home-wRtZ4f/hima/sites/local.yml
# errors:
#   - tool "synth" holds 1 of "synopsys": site local does not declare it; add it under capacity.licences: in /private/tmp/hima-tests-lWCMBW/hima-home-wRtZ4f/hima/sites/local.yml
# Subtest: a site that declares none of a licence can never host a tool that holds it, and says so rather than letting a run wait for ever
ok 20 - a site that declares none of a licence can never host a tool that holds it, and says so rather than letting a run wait for ever
  ---
  duration_ms: 132.317084
  type: 'test'
  ...
# pack reserves-none@1 on site local: unfit — 1 error; 3 of 3 inputs bound, 1 tool, 2 rules, 1 reader, 1 chooser, 1 licence
# inputs:
#   flowRoot = /private/tmp/hima-tests-lWCMBW/hima-home-CEi6pA/standin-flow
#   design = opene902
#   workspaceRoot = /private/tmp/hima-tests-lWCMBW/hima-home-CEi6pA/workspace
# tools:
#   synth (tools/synth.sh): "make" is an allowed wrapper of site local
# rules:
#   setup-wns-all-nonnegative@1: found
#   clock-period-at-most@1: found
# readers:
#   dc-qor-report@1 reads qorReport: found
# choosers:
#   timing-push@1 chooses at next-period: found
# licences:
#   synth holds 1 of "synopsys": site local declares 0 of it, so a job of this tool could never launch there
# errors:
#   - tool "synth" holds 1 of "synopsys": site local declares 0 of it, so a job of this tool could never launch there
# Subtest: the shipped pack declares the seat its Design Compiler tool holds, and the local site declares one to give it
ok 21 - the shipped pack declares the seat its Design Compiler tool holds, and the local site declares one to give it
  ---
  duration_ms: 3698.595583
  type: 'test'
  ...
# pack opene902-timing-probe@1 on site local: fit — 3 of 3 inputs bound, 1 tool, 2 rules, 1 reader, 1 chooser, 1 licence
# inputs:
#   flowRoot = /private/tmp/hima-tests-lWCMBW/hima-home-4HBQKj/standin-flow
#   design = opene902
#   workspaceRoot = /private/tmp/hima-tests-lWCMBW/hima-home-4HBQKj/workspace
# tools:
#   synth (tools/synth.sh): "make" is an allowed wrapper of site local
# rules:
#   setup-wns-all-nonnegative@1: found
#   clock-period-at-most@1: found
# readers:
#   dc-qor-report@1 reads qorReport: found
# choosers:
#   timing-push@1 chooses at next-period: found
# licences:
#   synth holds 1 of "Design-Compiler": site local declares 1
# run run-37691632-1a0f-4d0a-9332-477fee5ff5af of campaign opene902-timing-probe-20260911-090042-4db8 on site local: ended-budget-exhausted, generation 1 of at most 1
#   workspace: /private/tmp/hima-tests-lWCMBW/hima-home-4HBQKj/workspace/opene902-timing-probe-20260911-090042-4db8
#   goal: clock period at most 2 ns
#   strategy: clock period 2 ns
#   budget: time box 60 min, retry allowance 3, at most 1 generation, job cap 1, licences Design-Compiler 1
#   current node: next-period
#   meters:
#     elapsed 3.5 s of a time box of 60.0 min
#     generation 1 of at most 1, 3.4 s
#     1 job launched, at most 1 job at a time
#     next-period: attempt 1 of a retry allowance of 3, and 4 attempts in the campaign so far
#     Design-Compiler 0 seats of 1 declared, held for 3.1 s
#     ended by the generation limit
#   nodes:
#     synthesize (act): done, attempt 1, session hima-37691632-synthesize-4839ed holding Design-Compiler 1
#     read-qor (act): done, attempt 1
#     judge (judge): done, attempt 1, FAIL
#     next-period (explore): done, attempt 1
#   decision: next-period chose clock period 2.25 ns by timing-push, citing run-37691632-1a0f-4d0a-9332-477fee5ff5af\#000010, run-37691632-1a0f-4d0a-9332-477fee5ff5af\#000011, run-37691632-1a0f-4d0a-9332-477fee5ff5af\#000007, from period 2, slack -0.2, guardBandNs 0.05
#   experience: written at 2026-09-11T09:00:46.128Z
#     markdown: /private/tmp/hima-tests-lWCMBW/hima-home-4HBQKj/workspace/opene902-timing-probe-20260911-090042-4db8/hima-experience/run-37691632-1a0f-4d0a-9332-477fee5ff5af.md · sha256 1255e09e64bf70b0015ef58b56cf06cef97b19515da85278680ed77571d0fc56 · 1661 bytes
#     json: /private/tmp/hima-tests-lWCMBW/hima-home-4HBQKj/workspace/opene902-timing-probe-20260911-090042-4db8/hima-experience/run-37691632-1a0f-4d0a-9332-477fee5ff5af.json · sha256 5a6426db6b93a5a55e485e5740bdd604076acb766d08d193c50b6a2737805365 · 2319 bytes
# Subtest: a host disposed while the job sleeps is replaced by one that finds the same job still running and carries the run to its end, launching nothing twice
ok 22 - a host disposed while the job sleeps is replaced by one that finds the same job still running and carries the run to its end, launching nothing twice
  ---
  duration_ms: 21758.64525
  type: 'test'
  ...
# run run-ec280f6c-0b82-4440-83c2-5a39f0053878 of campaign opene902-timing-probe-20260911-090046-c8f5 on site local: ended-budget-exhausted, generation 1 of at most 1
#   workspace: /private/tmp/hima-tests-lWCMBW/hima-home-Y8YhQu/workspace/opene902-timing-probe-20260911-090046-c8f5
#   goal: clock period at most 2 ns
#   strategy: clock period 2 ns
#   budget: time box 60 min, retry allowance 3, at most 1 generation, job cap 1, licences Design-Compiler 1
#   current node: next-period
#   meters:
#     elapsed 21.3 s of a time box of 60.0 min
#     generation 1 of at most 1, 21.3 s
#     1 job launched, at most 1 job at a time
#     next-period: attempt 1 of a retry allowance of 3, and 4 attempts in the campaign so far
#     Design-Compiler 0 seats of 1 declared, held for 20.9 s
#     ended by the generation limit
#   nodes:
#     synthesize (act): done, attempt 1, session hima-ec280f6c-synthesize-7555cf holding Design-Compiler 1
#     read-qor (act): done, attempt 1
#     judge (judge): done, attempt 1, FAIL
#     next-period (explore): done, attempt 1
#   decision: next-period chose clock period 2.25 ns by timing-push, citing run-ec280f6c-0b82-4440-83c2-5a39f0053878\#000011, run-ec280f6c-0b82-4440-83c2-5a39f0053878\#000012, run-ec280f6c-0b82-4440-83c2-5a39f0053878\#000008, from period 2, slack -0.2, guardBandNs 0.05
#   experience: written at 2026-09-11T09:01:08.002Z
#     markdown: /private/tmp/hima-tests-lWCMBW/hima-home-Y8YhQu/workspace/opene902-timing-probe-20260911-090046-c8f5/hima-experience/run-ec280f6c-0b82-4440-83c2-5a39f0053878.md · sha256 6854fdd8e3ae276acc8e6410624b1e1fd502499699e1bb7fdb74133a75fec65d · 1666 bytes
#     json: /private/tmp/hima-tests-lWCMBW/hima-home-Y8YhQu/workspace/opene902-timing-probe-20260911-090046-c8f5/hima-experience/run-ec280f6c-0b82-4440-83c2-5a39f0053878.json · sha256 50cdc10266a9b7a608c8fedadf5a0aeb14a83682d11b740306839815552d6f47 · 2323 bytes
# Subtest: a job that finished while the host was down is picked up from its exit file, and the run continues from there
ok 23 - a job that finished while the host was down is picked up from its exit file, and the run continues from there
  ---
  duration_ms: 6809.113042
  type: 'test'
  ...
# Subtest: a job gone without an exit file is a failed attempt: the node is recorded as gone and the run waits, naming it
ok 24 - a job gone without an exit file is a failed attempt: the node is recorded as gone and the run waits, naming it
  ---
  duration_ms: 1033.226292
  type: 'test'
  ...
# run run-a8105bc0-ac93-4c6f-9a3c-8d1054bfbb31 of campaign opene902-timing-probe-20260911-090115-3895 on site local: waiting, generation 1 of at most 1
#   workspace: /private/tmp/hima-tests-lWCMBW/hima-home-W2vAap/workspace/opene902-timing-probe-20260911-090115-3895
#   goal: clock period at most 2 ns
#   strategy: clock period 2 ns
#   budget: time box 60 min, retry allowance 1, at most 1 generation, job cap 1, licences Design-Compiler 1
#   current node: blocked
#   meters:
#     elapsed 852 ms of a time box of 60.0 min
#     generation 1 of at most 1, 780 ms
#     1 job launched, at most 1 job at a time
#     synthesize: attempt 1 of a retry allowance of 1, and 2 attempts in the campaign so far
#     Design-Compiler 1 seat of 1 declared, held for 704 ms
#   nodes:
#     synthesize (act): blocked, attempt 1, session hima-a8105bc0-synthesize-a55b07 holding Design-Compiler 1, job "synthesize" is gone: tmux session hima-a8105bc0-synthesize-a55b07 has ended and it wrote no exit status; node synthesize has now failed 1 time and spent its retry allowance of 1
#     blocked (wait): blocked, attempt 1, this pack routes a hard-blocker here; the Run waits for a person to clear it
#   blocker: synthesize after 1 attempt, 1 line of log on record run-a8105bc0-ac93-4c6f-9a3c-8d1054bfbb31\#000005: job "synthesize" is gone: tmux session hima-a8105bc0-synthesize-a55b07 has ended and it wrote no exit status; node synthesize has now failed 1 time and spent its retry allowance of 1
# Subtest: a host booting onto a job that vanished retries it under the default allowance: a second attempt, and never two jobs on the site at once
ok 25 - a host booting onto a job that vanished retries it under the default allowance: a second attempt, and never two jobs on the site at once
  ---
  duration_ms: 21671.597125
  type: 'test'
  ...
# run run-850da403-6517-4c6b-ac34-ab04c1b1da77 of campaign opene902-timing-probe-20260911-090116-e9a5 on site local: ended-budget-exhausted, generation 1 of at most 1
#   workspace: /private/tmp/hima-tests-lWCMBW/hima-home-vm26RK/workspace/opene902-timing-probe-20260911-090116-e9a5
#   goal: clock period at most 2 ns
#   strategy: clock period 2 ns
#   budget: time box 3 min, retry allowance 3, at most 1 generation, job cap 1, licences Design-Compiler 1
#   current node: next-period
#   meters:
#     elapsed 21.4 s of a time box of 3.0 min
#     generation 1 of at most 1, 21.4 s
#     2 jobs launched, at most 1 job at a time
#     next-period: attempt 1 of a retry allowance of 3, and 5 attempts in the campaign so far
#     Design-Compiler 1 seat of 1 declared, held for 21.0 s
#     ended by the generation limit
#   nodes:
#     synthesize (act): done, attempt 2, session hima-850da403-synthesize-10eaf4 holding Design-Compiler 1
#     read-qor (act): done, attempt 1
#     judge (judge): done, attempt 1, FAIL
#     next-period (explore): done, attempt 1
#   decision: next-period chose clock period 2.25 ns by timing-push, citing run-850da403-6517-4c6b-ac34-ab04c1b1da77\#000014, run-850da403-6517-4c6b-ac34-ab04c1b1da77\#000015, run-850da403-6517-4c6b-ac34-ab04c1b1da77\#000011, from period 2, slack -0.2, guardBandNs 0.05
#   experience: written at 2026-09-11T09:01:37.515Z
#     markdown: /private/tmp/hima-tests-lWCMBW/hima-home-vm26RK/workspace/opene902-timing-probe-20260911-090116-e9a5/hima-experience/run-850da403-6517-4c6b-ac34-ab04c1b1da77.md · sha256 cd946bd5bcf6ec7fbf9b55dc49cf8d4c0c46d3d2edde6ee11037a5b5d1e45e87 · 1665 bytes
#     json: /private/tmp/hima-tests-lWCMBW/hima-home-vm26RK/workspace/opene902-timing-probe-20260911-090116-e9a5/hima-experience/run-850da403-6517-4c6b-ac34-ab04c1b1da77.json · sha256 f6f55528e4b3709fd867cc2a45b4970e70b0786b0ceb9137690e5966cb0b0135 · 2322 bytes
# Subtest: a run cancelled while the reconciliation is carrying an earlier one on keeps the ending a person gave it
ok 26 - a run cancelled while the reconciliation is carrying an earlier one on keeps the ending a person gave it
  ---
  duration_ms: 21764.4265
  type: 'test'
  ...
# cancelled run run-4aa28bba-b14b-4458-a193-06037e8ddd8c: stopped its job "synthesize" in tmux session hima-4aa28bba-synthesize-f63b7e, recorded as run-4aa28bba-b14b-4458-a193-06037e8ddd8c\#000005
# run run-4aa28bba-b14b-4458-a193-06037e8ddd8c of campaign opene902-timing-probe-20260911-090138-0e8e on site local: cancelled, generation 1 of at most 1
#   workspace: /private/tmp/hima-tests-lWCMBW/hima-home-y9vXMI/workspace/opene902-timing-probe-20260911-090138-0e8e
#   goal: clock period at most 2.1 ns
#   strategy: clock period 2.1 ns
#   budget: time box 60 min, retry allowance 3, at most 1 generation, job cap 2, licences Design-Compiler 2
#   current node: synthesize
#   meters:
#     elapsed 925 ms of a time box of 60.0 min
#     generation 1 of at most 1, 852 ms
#     1 job launched, at most 2 jobs at a time
#     synthesize: attempt 1 of a retry allowance of 3, and 1 attempt in the campaign so far
#     Design-Compiler 0 seats of 2 declared, held for 791 ms
#     ended by a person's cancel
#   nodes:
#     synthesize (act): cancelled, attempt 1, session hima-4aa28bba-synthesize-f63b7e holding Design-Compiler 1
#   cancel: asked at 2026-09-11T09:01:38.875Z, node synthesize, session hima-4aa28bba-synthesize-f63b7e; hima-4aa28bba-synthesize-f63b7e stopped, recorded as run-4aa28bba-b14b-4458-a193-06037e8ddd8c\#000005
#   experience: written at 2026-09-11T09:01:38.944Z
#     markdown: /private/tmp/hima-tests-lWCMBW/hima-home-y9vXMI/workspace/opene902-timing-probe-20260911-090138-0e8e/hima-experience/run-4aa28bba-b14b-4458-a193-06037e8ddd8c.md · sha256 8b4828907e961c04a5e22dc21f434004f822f63ee778b7c39c0b9b67dcc9d3b6 · 1576 bytes
#     json: /private/tmp/hima-tests-lWCMBW/hima-home-y9vXMI/workspace/opene902-timing-probe-20260911-090138-0e8e/hima-experience/run-4aa28bba-b14b-4458-a193-06037e8ddd8c.json · sha256 5e442ad6540058cefb4d5418c55fe4813d1b2018c16b9e39fc0ed1b4857cbb9d · 1644 bytes
# run-98abff07-207e-4d81-9198-570a4bd31ff1: running — job "synthesize" in tmux session hima-98abff07-synthesize-61c776 is still running; this run waits for it again
# run-4aa28bba-b14b-4458-a193-06037e8ddd8c: stopped-elsewhere — this run no longer says it is running; the run was stopped from another face while it was being picked up, so nothing was written
# Subtest: /hima cancel stops the sleeping job on the site, records the request and the observed stop, and ends the run cancelled
ok 27 - /hima cancel stops the sleeping job on the site, records the request and the observed stop, and ends the run cancelled
  ---
  duration_ms: 865.221541
  type: 'test'
  ...
# cancelled run run-7d4d8d5d-26e2-4367-9798-6c8f4a10520d: stopped its job "synthesize" in tmux session hima-7d4d8d5d-synthesize-5aee7b, recorded as run-7d4d8d5d-26e2-4367-9798-6c8f4a10520d\#000005
# run run-7d4d8d5d-26e2-4367-9798-6c8f4a10520d of campaign opene902-timing-probe-20260911-090159-2f44 on site local: cancelled, generation 1 of at most 1
#   workspace: /private/tmp/hima-tests-lWCMBW/hima-home-1z3obh/workspace/opene902-timing-probe-20260911-090159-2f44
#   goal: clock period at most 2 ns
#   strategy: clock period 2 ns
#   budget: time box 60 min, retry allowance 3, at most 1 generation, job cap 1, licences Design-Compiler 1
#   current node: synthesize
#   meters:
#     elapsed 279 ms of a time box of 60.0 min
#     generation 1 of at most 1, 208 ms
#     1 job launched, at most 1 job at a time
#     synthesize: attempt 1 of a retry allowance of 3, and 1 attempt in the campaign so far
#     Design-Compiler 0 seats of 1 declared, held for 148 ms
#     ended by a person's cancel
#   nodes:
#     synthesize (act): cancelled, attempt 1, session hima-7d4d8d5d-synthesize-5aee7b holding Design-Compiler 1
#   cancel: asked at 2026-09-11T09:01:59.730Z, node synthesize, session hima-7d4d8d5d-synthesize-5aee7b; hima-7d4d8d5d-synthesize-5aee7b stopped, recorded as run-7d4d8d5d-26e2-4367-9798-6c8f4a10520d\#000005
#   experience: written at 2026-09-11T09:01:59.805Z
#     markdown: /private/tmp/hima-tests-lWCMBW/hima-home-1z3obh/workspace/opene902-timing-probe-20260911-090159-2f44/hima-experience/run-7d4d8d5d-26e2-4367-9798-6c8f4a10520d.md · sha256 8b780dedb81682796f1fe7888fd57aa5380446619d2e37a573192198b417969b · 1569 bytes
#     json: /private/tmp/hima-tests-lWCMBW/hima-home-1z3obh/workspace/opene902-timing-probe-20260911-090159-2f44/hima-experience/run-7d4d8d5d-26e2-4367-9798-6c8f4a10520d.json · sha256 2e5dc6b56d63e1101f9d46bd5be53c7554d561d0fa90d37012c375646829f99d · 1640 bytes
# run run-7d4d8d5d-26e2-4367-9798-6c8f4a10520d of campaign opene902-timing-probe-20260911-090159-2f44 on site local: cancelled, generation 1 of at most 1
#   workspace: /private/tmp/hima-tests-lWCMBW/hima-home-1z3obh/workspace/opene902-timing-probe-20260911-090159-2f44
#   goal: clock period at most 2 ns
#   strategy: clock period 2 ns
#   budget: time box 60 min, retry allowance 3, at most 1 generation, job cap 1, licences Design-Compiler 1
#   current node: synthesize
#   meters:
#     elapsed 279 ms of a time box of 60.0 min
#     generation 1 of at most 1, 208 ms
#     1 job launched, at most 1 job at a time
#     synthesize: attempt 1 of a retry allowance of 3, and 1 attempt in the campaign so far
#     Design-Compiler 0 seats of 1 declared, held for 148 ms
#     ended by a person's cancel
#   nodes:
#     synthesize (act): cancelled, attempt 1, session hima-7d4d8d5d-synthesize-5aee7b holding Design-Compiler 1
#   cancel: asked at 2026-09-11T09:01:59.730Z, node synthesize, session hima-7d4d8d5d-synthesize-5aee7b; hima-7d4d8d5d-synthesize-5aee7b stopped, recorded as run-7d4d8d5d-26e2-4367-9798-6c8f4a10520d\#000005
#   experience: written at 2026-09-11T09:01:59.805Z
#     markdown: /private/tmp/hima-tests-lWCMBW/hima-home-1z3obh/workspace/opene902-timing-probe-20260911-090159-2f44/hima-experience/run-7d4d8d5d-26e2-4367-9798-6c8f4a10520d.md · sha256 8b780dedb81682796f1fe7888fd57aa5380446619d2e37a573192198b417969b · 1569 bytes
#     json: /private/tmp/hima-tests-lWCMBW/hima-home-1z3obh/workspace/opene902-timing-probe-20260911-090159-2f44/hima-experience/run-7d4d8d5d-26e2-4367-9798-6c8f4a10520d.json · sha256 2e5dc6b56d63e1101f9d46bd5be53c7554d561d0fa90d37012c375646829f99d · 1640 bytes
# Subtest: a run cancelled while /hima resume is still waiting on the job it launched is that command's success, not its error
ok 28 - a run cancelled while /hima resume is still waiting on the job it launched is that command's success, not its error
  ---
  duration_ms: 1635.426125
  type: 'test'
  ...
# cancelled run run-9c112e94-c8b4-4a6e-8cf9-e1b069e58b43: stopped its job "synthesize" in tmux session hima-9c112e94-synthesize-1509d8, recorded as run-9c112e94-c8b4-4a6e-8cf9-e1b069e58b43\#000012
# run run-9c112e94-c8b4-4a6e-8cf9-e1b069e58b43 of campaign opene902-timing-probe-20260911-090200-8e98 on site local: cancelled, generation 1 of at most 1
#   workspace: /private/tmp/hima-tests-lWCMBW/hima-home-E0PQQc/workspace/opene902-timing-probe-20260911-090200-8e98
#   goal: clock period at most 2 ns
#   strategy: clock period 2 ns
#   budget: time box 60 min, retry allowance 1, at most 1 generation, job cap 1, licences Design-Compiler 1
#   current node: synthesize
#   meters:
#     elapsed 1.1 s of a time box of 60.0 min, 81 ms of it waiting on a person, which widens the box by as much
#     generation 1 of at most 1, 1.1 s
#     2 jobs launched, at most 1 job at a time
#     synthesize: attempt 2 of a retry allowance of 1, and 3 attempts in the campaign so far
#     Design-Compiler 1 seat of 1 declared, held for 875 ms
#     ended by a person's cancel
#   nodes:
#     synthesize (act): cancelled, attempt 2, session hima-9c112e94-synthesize-1509d8 holding Design-Compiler 1
#     blocked (wait): blocked, attempt 1, this pack routes a hard-blocker here; the Run waits for a person to clear it
#   blocker: synthesize after 1 attempt, 1 line of log on record run-9c112e94-c8b4-4a6e-8cf9-e1b069e58b43\#000005: job "synthesize" is gone: tmux session hima-9c112e94-synthesize-55faa4 has ended and it wrote no exit status; node synthesize has now failed 1 time and spent its retry allowance of 1
#   resumed: synthesize by session-ea5862a6-9912-442d-8e80-1f1ef229f6b8 at 2026-09-11T09:02:01.196Z
#   cancel: asked at 2026-09-11T09:02:01.406Z, node synthesize, session hima-9c112e94-synthesize-1509d8; hima-9c112e94-synthesize-1509d8 stopped, recorded as run-9c112e94-c8b4-4a6e-8cf9-e1b069e58b43\#000012
#   experience: written at 2026-09-11T09:02:01.485Z
#     markdown: /private/tmp/hima-tests-lWCMBW/hima-home-E0PQQc/workspace/opene902-timing-probe-20260911-090200-8e98/hima-experience/run-9c112e94-c8b4-4a6e-8cf9-e1b069e58b43.md · sha256 e3d279f59d4b6a51ee24d644ef72564c3bec06e27efbc99ea5d8bf55ab52b302 · 2073 bytes
#     json: /private/tmp/hima-tests-lWCMBW/hima-home-E0PQQc/workspace/opene902-timing-probe-20260911-090200-8e98/hima-experience/run-9c112e94-c8b4-4a6e-8cf9-e1b069e58b43.json · sha256 88ba73a43eaf81ada9400afcf539770571a14695693adf6b21add6e5ca76c7b8 · 2403 bytes
# resumed run-9c112e94-c8b4-4a6e-8cf9-e1b069e58b43 at node synthesize; recorded as run-9c112e94-c8b4-4a6e-8cf9-e1b069e58b43\#000008
# run run-9c112e94-c8b4-4a6e-8cf9-e1b069e58b43 of campaign opene902-timing-probe-20260911-090200-8e98 on site local: cancelled, generation 1 of at most 1
#   workspace: /private/tmp/hima-tests-lWCMBW/hima-home-E0PQQc/workspace/opene902-timing-probe-20260911-090200-8e98
#   goal: clock period at most 2 ns
#   strategy: clock period 2 ns
#   budget: time box 60 min, retry allowance 1, at most 1 generation, job cap 1, licences Design-Compiler 1
#   current node: synthesize
#   meters:
#     elapsed 1.1 s of a time box of 60.0 min, 81 ms of it waiting on a person, which widens the box by as much
#     generation 1 of at most 1, 1.1 s
#     2 jobs launched, at most 1 job at a time
#     synthesize: attempt 2 of a retry allowance of 1, and 3 attempts in the campaign so far
#     Design-Compiler 1 seat of 1 declared, held for 875 ms
#     ended by a person's cancel
#   nodes:
#     synthesize (act): cancelled, attempt 2, session hima-9c112e94-synthesize-1509d8 holding Design-Compiler 1
#     blocked (wait): blocked, attempt 1, this pack routes a hard-blocker here; the Run waits for a person to clear it
#   blocker: synthesize after 1 attempt, 1 line of log on record run-9c112e94-c8b4-4a6e-8cf9-e1b069e58b43\#000005: job "synthesize" is gone: tmux session hima-9c112e94-synthesize-55faa4 has ended and it wrote no exit status; node synthesize has now failed 1 time and spent its retry allowance of 1
#   resumed: synthesize by session-ea5862a6-9912-442d-8e80-1f1ef229f6b8 at 2026-09-11T09:02:01.196Z
#   cancel: asked at 2026-09-11T09:02:01.406Z, node synthesize, session hima-9c112e94-synthesize-1509d8; hima-9c112e94-synthesize-1509d8 stopped, recorded as run-9c112e94-c8b4-4a6e-8cf9-e1b069e58b43\#000012
#   experience: written at 2026-09-11T09:02:01.485Z
#     markdown: /private/tmp/hima-tests-lWCMBW/hima-home-E0PQQc/workspace/opene902-timing-probe-20260911-090200-8e98/hima-experience/run-9c112e94-c8b4-4a6e-8cf9-e1b069e58b43.md · sha256 e3d279f59d4b6a51ee24d644ef72564c3bec06e27efbc99ea5d8bf55ab52b302 · 2073 bytes
#     json: /private/tmp/hima-tests-lWCMBW/hima-home-E0PQQc/workspace/opene902-timing-probe-20260911-090200-8e98/hima-experience/run-9c112e94-c8b4-4a6e-8cf9-e1b069e58b43.json · sha256 88ba73a43eaf81ada9400afcf539770571a14695693adf6b21add6e5ca76c7b8 · 2403 bytes
# Subtest: the hima_cancel tool stops the same job the command face does, and answers with what it stopped
ok 29 - the hima_cancel tool stops the same job the command face does, and answers with what it stopped
  ---
  duration_ms: 779.92125
  type: 'test'
  ...
# Subtest: a cancel that arrives while the job is still being launched leaves nothing of the run running on the site
ok 30 - a cancel that arrives while the job is still being launched leaves nothing of the run running on the site
  ---
  duration_ms: 487.860916
  type: 'test'
  ...
# the cancel was asked 1047 time(s) before the run had a fabric state to cancel
# cancelled run run-e2b520bf-4b15-4012-a0bc-2b0a8c356380: no job of this run was open when the request was read
# run run-e2b520bf-4b15-4012-a0bc-2b0a8c356380 of campaign opene902-timing-probe-20260911-090202-3831 on site local: cancelled, generation 1 of at most 1
#   workspace: /private/tmp/hima-tests-lWCMBW/hima-home-muKBBl/workspace/opene902-timing-probe-20260911-090202-3831
#   goal: clock period at most 2 ns
#   strategy: clock period 2 ns
#   budget: time box 60 min, retry allowance 3, at most 1 generation, job cap 1, licences Design-Compiler 1
#   current node: synthesize
#   meters:
#     elapsed 223 ms of a time box of 60.0 min
#     generation 1 of at most 1, 94 ms
#     0 jobs launched, at most 1 job at a time
#     synthesize: attempt 1 of a retry allowance of 3, and 0 attempts in the campaign so far
#     Design-Compiler 1 seat of 1 declared
#     ended by a person's cancel
#   nodes:
#     synthesize (act): running, attempt 1, session hima-e2b520bf-synthesize-f89475 holding Design-Compiler 1
#   cancel: asked at 2026-09-11T09:02:02.893Z, node synthesize; no job of this run was open when the request was read
#   experience: written at 2026-09-11T09:02:03.003Z
#     markdown: /private/tmp/hima-tests-lWCMBW/hima-home-muKBBl/workspace/opene902-timing-probe-20260911-090202-3831/hima-experience/run-e2b520bf-4b15-4012-a0bc-2b0a8c356380.md · sha256 9583de0adfc4985bb10113aec39d9ee701b839514529e21aa9135056d33d18c2 · 1533 bytes
#     json: /private/tmp/hima-tests-lWCMBW/hima-home-muKBBl/workspace/opene902-timing-probe-20260911-090202-3831/hima-experience/run-e2b520bf-4b15-4012-a0bc-2b0a8c356380.json · sha256 3102db4c63ab5b54488b3b6eb232830097640c2639277d54c0b2515c0b7ae096 · 1410 bytes
# run run-e2b520bf-4b15-4012-a0bc-2b0a8c356380 of campaign opene902-timing-probe-20260911-090202-3831 on site local: cancelled, generation 1 of at most 1
#   workspace: /private/tmp/hima-tests-lWCMBW/hima-home-muKBBl/workspace/opene902-timing-probe-20260911-090202-3831
#   goal: clock period at most 2 ns
#   strategy: clock period 2 ns
#   budget: time box 60 min, retry allowance 3, at most 1 generation, job cap 1, licences Design-Compiler 1
#   current node: synthesize
#   meters:
#     elapsed 273 ms of a time box of 60.0 min
#     generation 1 of at most 1, 141 ms
#     1 job launched, at most 1 job at a time
#     synthesize: attempt 1 of a retry allowance of 3, and 1 attempt in the campaign so far
#     Design-Compiler 0 seats of 1 declared
#     ended by a person's cancel
#   nodes:
#     synthesize (act): cancelled, attempt 1, session hima-e2b520bf-synthesize-f89475 holding Design-Compiler 1
#   cancel: asked at 2026-09-11T09:02:02.893Z, node synthesize; no job of this run was open when the request was read
#   experience: written at 2026-09-11T09:02:03.003Z
#     markdown: /private/tmp/hima-tests-lWCMBW/hima-home-muKBBl/workspace/opene902-timing-probe-20260911-090202-3831/hima-experience/run-e2b520bf-4b15-4012-a0bc-2b0a8c356380.md · sha256 9583de0adfc4985bb10113aec39d9ee701b839514529e21aa9135056d33d18c2 · 1533 bytes
#     json: /private/tmp/hima-tests-lWCMBW/hima-home-muKBBl/workspace/opene902-timing-probe-20260911-090202-3831/hima-experience/run-e2b520bf-4b15-4012-a0bc-2b0a8c356380.json · sha256 3102db4c63ab5b54488b3b6eb232830097640c2639277d54c0b2515c0b7ae096 · 1410 bytes
# Subtest: cancelling a run whose job the ledger has already settled writes one blocker, not a second, and the node ends cancelled
ok 31 - cancelling a run whose job the ledger has already settled writes one blocker, not a second, and the node ends cancelled
  ---
  duration_ms: 1106.69125
  type: 'test'
  ...
# cancelled run run-2acecd68-ec94-4f83-a99e-a92310c932ec: no job of this run was open when the request was read
# run run-2acecd68-ec94-4f83-a99e-a92310c932ec of campaign opene902-timing-probe-20260911-090203-7f63 on site local: cancelled, generation 1 of at most 1
#   workspace: /private/tmp/hima-tests-lWCMBW/hima-home-pJs3kR/workspace/opene902-timing-probe-20260911-090203-7f63
#   goal: clock period at most 2 ns
#   strategy: clock period 2 ns
#   budget: time box 60 min, retry allowance 1, at most 1 generation, job cap 1, licences Design-Compiler 1
#   current node: blocked
#   meters:
#     elapsed 955 ms of a time box of 60.0 min
#     generation 1 of at most 1, 872 ms
#     1 job launched, at most 1 job at a time
#     synthesize: attempt 1 of a retry allowance of 1, and 2 attempts in the campaign so far
#     Design-Compiler 1 seat of 1 declared, held for 724 ms
#     ended by a person's cancel
#   nodes:
#     synthesize (act): blocked, attempt 1, session hima-2acecd68-synthesize-6a67f1 holding Design-Compiler 1, job "synthesize" is gone: tmux session hima-2acecd68-synthesize-6a67f1 has ended and it wrote no exit status; node synthesize has now failed 1 time and spent its retry allowance of 1
#     blocked (wait): cancelled, attempt 1
#   blocker: synthesize after 1 attempt, 1 line of log on record run-2acecd68-ec94-4f83-a99e-a92310c932ec\#000005: job "synthesize" is gone: tmux session hima-2acecd68-synthesize-6a67f1 has ended and it wrote no exit status; node synthesize has now failed 1 time and spent its retry allowance of 1
#   cancel: asked at 2026-09-11T09:02:04.142Z, node blocked; no job of this run was open when the request was read
#   experience: written at 2026-09-11T09:02:04.194Z
#     markdown: /private/tmp/hima-tests-lWCMBW/hima-home-pJs3kR/workspace/opene902-timing-probe-20260911-090203-7f63/hima-experience/run-2acecd68-ec94-4f83-a99e-a92310c932ec.md · sha256 24a55e0e75645298e654c33a9a016181d7b76faff0f16b37c69e7783deaf1d31 · 2140 bytes
#     json: /private/tmp/hima-tests-lWCMBW/hima-home-pJs3kR/workspace/opene902-timing-probe-20260911-090203-7f63/hima-experience/run-2acecd68-ec94-4f83-a99e-a92310c932ec.json · sha256 85db19b9b9282a5aaed083bfba3de1d76ed594a90c436e8b67caa9bf9aa51caf · 2367 bytes
# Subtest: a launch the run has accounted for but the site still has is stopped by the cancel, not written off
ok 32 - a launch the run has accounted for but the site still has is stopped by the cancel, not written off
  ---
  duration_ms: 1144.4495
  type: 'test'
  ...
# cancelled run run-a628d2f9-3e58-490a-b501-eacb3953c759: stopped its job "synthesize" in tmux session hima-a628d2f9-synthesize-0fca73, recorded as run-a628d2f9-3e58-490a-b501-eacb3953c759\#000009
# run run-a628d2f9-3e58-490a-b501-eacb3953c759 of campaign opene902-timing-probe-20260911-090204-94c8 on site local: cancelled, generation 1 of at most 1
#   workspace: /private/tmp/hima-tests-lWCMBW/hima-home-aAolhE/workspace/opene902-timing-probe-20260911-090204-94c8
#   goal: clock period at most 2 ns
#   strategy: clock period 2 ns
#   budget: time box 60 min, retry allowance 1, at most 1 generation, job cap 1, licences Design-Compiler 1
#   current node: blocked
#   meters:
#     elapsed 981 ms of a time box of 60.0 min
#     generation 1 of at most 1, 909 ms
#     1 job launched, at most 1 job at a time
#     blocked: attempt 1 of a retry allowance of 1, and 2 attempts in the campaign so far
#     Design-Compiler 0 seats of 1 declared, held for 731 ms
#     ended by a person's cancel
#   nodes:
#     synthesize (act): cancelled, attempt 1, session hima-a628d2f9-synthesize-0fca73 holding Design-Compiler 1
#     blocked (wait): blocked, attempt 1, this pack routes a hard-blocker here; the Run waits for a person to clear it
#   blocker: synthesize after 1 attempt, 1 line of log on record run-a628d2f9-3e58-490a-b501-eacb3953c759\#000005: job "synthesize" is gone: tmux session hima-a628d2f9-synthesize-0fca73 has ended and it wrote no exit status; node synthesize has now failed 1 time and spent its retry allowance of 1
#   cancel: asked at 2026-09-11T09:02:05.260Z, node blocked, session hima-a628d2f9-synthesize-0fca73; hima-a628d2f9-synthesize-0fca73 stopped, recorded as run-a628d2f9-3e58-490a-b501-eacb3953c759\#000009
#   experience: written at 2026-09-11T09:02:05.332Z
#     markdown: /private/tmp/hima-tests-lWCMBW/hima-home-aAolhE/workspace/opene902-timing-probe-20260911-090204-94c8/hima-experience/run-a628d2f9-3e58-490a-b501-eacb3953c759.md · sha256 b8a35d6b1f29b3a51f7f87fed708c88f25cd6a0042e81914b41edb2c4ab461c6 · 2008 bytes
#     json: /private/tmp/hima-tests-lWCMBW/hima-home-aAolhE/workspace/opene902-timing-probe-20260911-090204-94c8/hima-experience/run-a628d2f9-3e58-490a-b501-eacb3953c759.json · sha256 024ab2bac76b014083eee224e39f13f871e1fb21e40b1650f05a08c55877a7ce · 2377 bytes
# Subtest: cancelling a run that already ended answers with its status and writes nothing
ok 33 - cancelling a run that already ended answers with its status and writes nothing
  ---
  duration_ms: 3707.265208
  type: 'test'
  ...
# run run-129ea72d-177f-4014-81ab-d3faf1c9668c already ended as ended-budget-exhausted; nothing was stopped and nothing was recorded
# run run-129ea72d-177f-4014-81ab-d3faf1c9668c of campaign opene902-timing-probe-20260911-090205-bdac on site local: ended-budget-exhausted, generation 1 of at most 1
#   workspace: /private/tmp/hima-tests-lWCMBW/hima-home-CbdgFQ/workspace/opene902-timing-probe-20260911-090205-bdac
#   goal: clock period at most 2 ns
#   strategy: clock period 2 ns
#   budget: time box 60 min, retry allowance 3, at most 1 generation, job cap 1, licences Design-Compiler 1
#   current node: next-period
#   meters:
#     elapsed 3.5 s of a time box of 60.0 min
#     generation 1 of at most 1, 3.4 s
#     1 job launched, at most 1 job at a time
#     next-period: attempt 1 of a retry allowance of 3, and 4 attempts in the campaign so far
#     Design-Compiler 0 seats of 1 declared, held for 3.1 s
#     ended by the generation limit
#   nodes:
#     synthesize (act): done, attempt 1, session hima-129ea72d-synthesize-eda320 holding Design-Compiler 1
#     read-qor (act): done, attempt 1
#     judge (judge): done, attempt 1, FAIL
#     next-period (explore): done, attempt 1
#   decision: next-period chose clock period 2.25 ns by timing-push, citing run-129ea72d-177f-4014-81ab-d3faf1c9668c\#000010, run-129ea72d-177f-4014-81ab-d3faf1c9668c\#000011, run-129ea72d-177f-4014-81ab-d3faf1c9668c\#000007, from period 2, slack -0.2, guardBandNs 0.05
#   experience: written at 2026-09-11T09:02:08.984Z
#     markdown: /private/tmp/hima-tests-lWCMBW/hima-home-CbdgFQ/workspace/opene902-timing-probe-20260911-090205-bdac/hima-experience/run-129ea72d-177f-4014-81ab-d3faf1c9668c.md · sha256 15071e723743f9a626894268d290d42b3354f51e4df879c3377e4dea2e1643a0 · 1661 bytes
#     json: /private/tmp/hima-tests-lWCMBW/hima-home-CbdgFQ/workspace/opene902-timing-probe-20260911-090205-bdac/hima-experience/run-129ea72d-177f-4014-81ab-d3faf1c9668c.json · sha256 c4acc4090c87beba3c0f0cce61537a584a5656825a38ec79e5dc9899ec1eae39 · 2319 bytes
# Subtest: POST /hima/api/runs/<id>/cancel stops a job a new host picked up, behind the session fence, and answers with the cancelled run
ok 34 - POST /hima/api/runs/<id>/cancel stops a job a new host picked up, behind the session fence, and answers with the cancelled run
  ---
  duration_ms: 2674.98875
  type: 'test'
  ...
# Subtest: a fault while the campaign workspace is being prepared is recorded against the run, not lost with the run left saying nothing happened
ok 35 - a fault while the campaign workspace is being prepared is recorded against the run, not lost with the run left saying nothing happened
  ---
  duration_ms: 201.489375
  type: 'test'
  ...
# run run-c5b3cf01-3953-4655-82c5-bf96b0400cfd stopped before its first node: cannot copy build/opene902 into /private/tmp/hima-tests-lWCMBW/hima-home-LsNPOV/workspace/opene902-timing-probe-20260911-090211-6bea/flow: cp exited 1: cp: /private/tmp/hima-tests-lWCMBW/hima-home-LsNPOV/standin-flow/build/opene902: unable to copy extended attributes to /private/tmp/hima-tests-lWCMBW/hima-home-LsNPOV/workspace/opene902-timing-probe-20260911-090211-6bea/flow/build/opene902/: Permission denied
# cp: /private/tmp/hima-tests-lWCMBW/hima-home-LsNPOV/standin-flow/build/opene902: Permission denied
# run run-c5b3cf01-3953-4655-82c5-bf96b0400cfd of campaign opene902-timing-probe-20260911-090211-6bea on site local: waiting, generation 1 of at most 1
#   goal: clock period at most 2 ns
#   strategy: clock period 2 ns
#   budget: time box 60 min, retry allowance 3, at most 1 generation, job cap 1, licences Design-Compiler 1
#   current node: synthesize
#   meters:
#     elapsed 72 ms of a time box of 60.0 min
#     generation 1 of at most 1, 0 ms
#     0 jobs launched, at most 1 job at a time
#     synthesize: attempt 1 of a retry allowance of 3, and 0 attempts in the campaign so far
#     Design-Compiler 0 seats of 1 declared
#   nodes:
#     synthesize (act): blocked, attempt 1, the campaign workspace could not be prepared: cannot copy build/opene902 into /private/tmp/hima-tests-lWCMBW/hima-home-LsNPOV/workspace/opene902-timing-probe-20260911-090211-6bea/flow: cp exited 1: cp: /private/tmp/hima-tests-lWCMBW/hima-home-LsNPOV/standin-flow/build/opene902: unable to copy extended attributes to /private/tmp/hima-tests-lWCMBW/hima-home-LsNPOV/workspace/opene902-timing-probe-20260911-090211-6bea/flow/build/opene902/: Permission denied
# cp: /private/tmp/hima-tests-lWCMBW/hima-home-LsNPOV/standin-flow/build/opene902: Permission denied
# run run-c5b3cf01-3953-4655-82c5-bf96b0400cfd of campaign opene902-timing-probe-20260911-090211-6bea on site local: waiting, generation 1 of at most 1
#   goal: clock period at most 2 ns
#   strategy: clock period 2 ns
#   budget: time box 60 min, retry allowance 3, at most 1 generation, job cap 1, licences Design-Compiler 1
#   current node: synthesize
#   meters:
#     elapsed 72 ms of a time box of 60.0 min
#     generation 1 of at most 1, 0 ms
#     0 jobs launched, at most 1 job at a time
#     synthesize: attempt 1 of a retry allowance of 3, and 0 attempts in the campaign so far
#     Design-Compiler 0 seats of 1 declared
#   nodes:
#     synthesize (act): blocked, attempt 1, the campaign workspace could not be prepared: cannot copy build/opene902 into /private/tmp/hima-tests-lWCMBW/hima-home-LsNPOV/workspace/opene902-timing-probe-20260911-090211-6bea/flow: cp exited 1: cp: /private/tmp/hima-tests-lWCMBW/hima-home-LsNPOV/standin-flow/build/opene902: unable to copy extended attributes to /private/tmp/hima-tests-lWCMBW/hima-home-LsNPOV/workspace/opene902-timing-probe-20260911-090211-6bea/flow/build/opene902/: Permission denied
# cp: /private/tmp/hima-tests-lWCMBW/hima-home-LsNPOV/standin-flow/build/opene902: Permission denied
# Subtest: a campaign the site gives no workspace is blocked at once, in the words the refusal recorded, and the next host leaves it alone
ok 36 - a campaign the site gives no workspace is blocked at once, in the words the refusal recorded, and the next host leaves it alone
  ---
  duration_ms: 281.229666
  type: 'test'
  ...
# refused to prepare /private/tmp/hima-tests-lWCMBW/hima-home-fSpnOB/workspace/opene902-timing-probe-20260911-090212-86ec on local: path outside the permitted write roots of site local: /private/tmp/hima-tests-lWCMBW/hima-home-fSpnOB/workspace/opene902-timing-probe-20260911-090212-86ec; recorded as run-08beaf87-7851-4ca8-bdd6-9b4f59c0008b\#000001 in run-08beaf87-7851-4ca8-bdd6-9b4f59c0008b
# run run-08beaf87-7851-4ca8-bdd6-9b4f59c0008b of campaign opene902-timing-probe-20260911-090212-86ec on site local: waiting, generation 1 of at most 1
#   goal: clock period at most 2 ns
#   strategy: clock period 2 ns
#   budget: time box 60 min, retry allowance 3, at most 1 generation, job cap 1, licences Design-Compiler 1
#   current node: synthesize
#   meters:
#     elapsed 74 ms of a time box of 60.0 min
#     generation 1 of at most 1, 37 ms
#     0 jobs launched, at most 1 job at a time
#     synthesize: attempt 1 of a retry allowance of 3, and 0 attempts in the campaign so far
#     Design-Compiler 0 seats of 1 declared
#   nodes:
#     synthesize (act): blocked, attempt 1, the campaign workspace could not be prepared: the site's permit refused /private/tmp/hima-tests-lWCMBW/hima-home-fSpnOB/workspace/opene902-timing-probe-20260911-090212-86ec: path outside the permitted write roots of site local: /private/tmp/hima-tests-lWCMBW/hima-home-fSpnOB/workspace/opene902-timing-probe-20260911-090212-86ec
# run run-08beaf87-7851-4ca8-bdd6-9b4f59c0008b of campaign opene902-timing-probe-20260911-090212-86ec on site local: waiting, generation 1 of at most 1
#   goal: clock period at most 2 ns
#   strategy: clock period 2 ns
#   budget: time box 60 min, retry allowance 3, at most 1 generation, job cap 1, licences Design-Compiler 1
#   current node: synthesize
#   meters:
#     elapsed 74 ms of a time box of 60.0 min
#     generation 1 of at most 1, 37 ms
#     0 jobs launched, at most 1 job at a time
#     synthesize: attempt 1 of a retry allowance of 3, and 0 attempts in the campaign so far
#     Design-Compiler 0 seats of 1 declared
#   nodes:
#     synthesize (act): blocked, attempt 1, the campaign workspace could not be prepared: the site's permit refused /private/tmp/hima-tests-lWCMBW/hima-home-fSpnOB/workspace/opene902-timing-probe-20260911-090212-86ec: path outside the permitted write roots of site local: /private/tmp/hima-tests-lWCMBW/hima-home-fSpnOB/workspace/opene902-timing-probe-20260911-090212-86ec
# cannot resume run-08beaf87-7851-4ca8-bdd6-9b4f59c0008b: run run-08beaf87-7851-4ca8-bdd6-9b4f59c0008b has no workspace record: HimaFabric never prepared it, so there is no campaign workspace to re-enter; nothing was written
# Subtest: a run left with no fabric state at all is still picked up by the next host, not left looking like a run no fabric ever touched
ok 37 - a run left with no fabric state at all is still picked up by the next host, not left looking like a run no fabric ever touched
  ---
  duration_ms: 208.948042
  type: 'test'
  ...
# run run-d97d756a-d3ea-470d-9df5-2fd2d7f4f02f of campaign opene902-timing-probe-interrupted on site local: waiting
#   goal: clock period at most 2 ns
#   budget: time box 60 min, retry allowance 3, at most 6 generations, job cap 1, licences Design-Compiler 1
#   current node: synthesize
#   meters:
#     elapsed 84 ms of a time box of 60.0 min
#     0 jobs launched, at most 1 job at a time
#     synthesize: attempt 1 of a retry allowance of 3, and 0 attempts in the campaign so far
#     Design-Compiler 0 seats of 1 declared
#   nodes:
#     synthesize (act): blocked, attempt 1, HimaFabric opened this run and never started it: campaign opene902-timing-probe-interrupted got no workspace to run in, so nothing was launched anywhere. The host that was preparing it went away before it could finish or say why; start the campaign again once a person has looked at it
# Subtest: a job told to fail twice is retried as two fresh attempts and the third succeeds, and the run completes with no blocker
ok 38 - a job told to fail twice is retried as two fresh attempts and the third succeeds, and the run completes with no blocker
  ---
  duration_ms: 4138.877666
  type: 'test'
  ...
# run run-8c9018f9-fdcf-4824-8292-46c192d6414b of campaign opene902-timing-probe-20260911-090213-995f on site local: ended-budget-exhausted, generation 1 of at most 1
#   workspace: /private/tmp/hima-tests-lWCMBW/hima-home-ed4x87/workspace/opene902-timing-probe-20260911-090213-995f
#   goal: clock period at most 2 ns
#   strategy: clock period 2 ns
#   budget: time box 60 min, retry allowance 3, at most 1 generation, job cap 1, licences Design-Compiler 1
#   current node: next-period
#   meters:
#     elapsed 3.7 s of a time box of 60.0 min
#     generation 1 of at most 1, 3.6 s
#     3 jobs launched, at most 1 job at a time
#     next-period: attempt 1 of a retry allowance of 3, and 6 attempts in the campaign so far
#     Design-Compiler 0 seats of 1 declared, held for 3.2 s
#     ended by the generation limit
#   nodes:
#     synthesize (act): done, attempt 3, session hima-8c9018f9-synthesize-a21315 holding Design-Compiler 1
#     read-qor (act): done, attempt 1
#     judge (judge): done, attempt 1, FAIL
#     next-period (explore): done, attempt 1
#   decision: next-period chose clock period 2.25 ns by timing-push, citing run-8c9018f9-fdcf-4824-8292-46c192d6414b\#000018, run-8c9018f9-fdcf-4824-8292-46c192d6414b\#000019, run-8c9018f9-fdcf-4824-8292-46c192d6414b\#000015, from period 2, slack -0.2, guardBandNs 0.05
#   experience: written at 2026-09-11T09:02:16.832Z
#     markdown: /private/tmp/hima-tests-lWCMBW/hima-home-ed4x87/workspace/opene902-timing-probe-20260911-090213-995f/hima-experience/run-8c9018f9-fdcf-4824-8292-46c192d6414b.md · sha256 c4faf08c0501c3257c3d67260ccfae5a17c8b2e86ec313beb1b574a3f64b99ff · 1662 bytes
#     json: /private/tmp/hima-tests-lWCMBW/hima-home-ed4x87/workspace/opene902-timing-probe-20260911-090213-995f/hima-experience/run-8c9018f9-fdcf-4824-8292-46c192d6414b.json · sha256 b900d86f143cdb2b7d4f7aacfbf78c7c29a865212eabe23c552c7045a1a81704 · 2319 bytes
# Subtest: a job told to fail four times against an allowance of three blocks with a blocker record carrying the last exit and the log tail, and resume re-enters the node with a fresh allowance and completes the run
ok 39 - a job told to fail four times against an allowance of three blocks with a blocker record carrying the last exit and the log tail, and resume re-enters the node with a fresh allowance and completes the run
  ---
  duration_ms: 6299.560292
  type: 'test'
  ...
# run run-77c33381-f82d-4983-972d-47143c9353a6 of campaign opene902-timing-probe-20260911-090217-d2aa on site local: waiting, generation 1 of at most 1
#   workspace: /private/tmp/hima-tests-lWCMBW/hima-home-vY4MWP/workspace/opene902-timing-probe-20260911-090217-d2aa
#   goal: clock period at most 2 ns
#   strategy: clock period 2 ns
#   budget: time box 60 min, retry allowance 3, at most 1 generation, job cap 1, licences Design-Compiler 1
#   current node: blocked
#   meters:
#     elapsed 3.5 s of a time box of 60.0 min
#     generation 1 of at most 1, 3.5 s
#     3 jobs launched, at most 1 job at a time
#     synthesize: attempt 3 of a retry allowance of 3, and 4 attempts in the campaign so far
#     Design-Compiler 0 seats of 1 declared, held for 3.2 s
#   nodes:
#     synthesize (act): blocked, attempt 3, session hima-77c33381-synthesize-776f17 holding Design-Compiler 1, job "synthesize" in tmux session hima-77c33381-synthesize-776f17 exited 2; node synthesize has now failed 3 times and spent its retry allowance of 3
#     blocked (wait): blocked, attempt 1, this pack routes a hard-blocker here; the Run waits for a person to clear it
#   blocker: synthesize after 3 attempts, last exit 2, 3 lines of log on record run-77c33381-f82d-4983-972d-47143c9353a6\#000013: job "synthesize" in tmux session hima-77c33381-synthesize-776f17 exited 2; node synthesize has now failed 3 times and spent its retry allowance of 3
# blocker: job "synthesize" in tmux session hima-77c33381-synthesize-776f17 exited 2; node synthesize has now failed 3 times and spent its retry allowance of 3
# log tail: "[stand-in] Error: synthesis was told to fail this attempt\\n\\n\\n[stand-in] 2 attempt(s) were left to fail; nothing was written to /private/tmp/hima-tests-lWCMBW/hima-home-vY4MWP/workspace/opene902-timing-probe-20260911-090217-d2aa/flow/results/opene902/syn/report\\nmake: *** [synth] Error 3\\n"
# run run-77c33381-f82d-4983-972d-47143c9353a6 of campaign opene902-timing-probe-20260911-090217-d2aa on site local: waiting, generation 1 of at most 1
#   workspace: /private/tmp/hima-tests-lWCMBW/hima-home-vY4MWP/workspace/opene902-timing-probe-20260911-090217-d2aa
#   goal: clock period at most 2 ns
#   strategy: clock period 2 ns
#   budget: time box 60 min, retry allowance 3, at most 1 generation, job cap 1, licences Design-Compiler 1
#   current node: blocked
#   meters:
#     elapsed 3.5 s of a time box of 60.0 min
#     generation 1 of at most 1, 3.5 s
#     3 jobs launched, at most 1 job at a time
#     synthesize: attempt 3 of a retry allowance of 3, and 4 attempts in the campaign so far
#     Design-Compiler 0 seats of 1 declared, held for 3.2 s
#   nodes:
#     synthesize (act): blocked, attempt 3, session hima-77c33381-synthesize-776f17 holding Design-Compiler 1, job "synthesize" in tmux session hima-77c33381-synthesize-776f17 exited 2; node synthesize has now failed 3 times and spent its retry allowance of 3
#     blocked (wait): blocked, attempt 1, this pack routes a hard-blocker here; the Run waits for a person to clear it
#   blocker: synthesize after 3 attempts, last exit 2, 3 lines of log on record run-77c33381-f82d-4983-972d-47143c9353a6\#000013: job "synthesize" in tmux session hima-77c33381-synthesize-776f17 exited 2; node synthesize has now failed 3 times and spent its retry allowance of 3
# resumed run-77c33381-f82d-4983-972d-47143c9353a6 at node synthesize; recorded as run-77c33381-f82d-4983-972d-47143c9353a6\#000016
# run run-77c33381-f82d-4983-972d-47143c9353a6 of campaign opene902-timing-probe-20260911-090217-d2aa on site local: ended-budget-exhausted, generation 1 of at most 1
#   workspace: /private/tmp/hima-tests-lWCMBW/hima-home-vY4MWP/workspace/opene902-timing-probe-20260911-090217-d2aa
#   goal: clock period at most 2 ns
#   strategy: clock period 2 ns
#   budget: time box 60 min, retry allowance 3, at most 1 generation, job cap 1, licences Design-Compiler 1
#   current node: next-period
#   meters:
#     elapsed 6.1 s of a time box of 60.0 min, 100 ms of it waiting on a person, which widens the box by as much
#     generation 1 of at most 1, 6.0 s
#     5 jobs launched, at most 1 job at a time
#     next-period: attempt 1 of a retry allowance of 3, and 9 attempts in the campaign so far
#     Design-Compiler 0 seats of 1 declared, held for 5.4 s
#     ended by the generation limit
#   nodes:
#     synthesize (act): done, attempt 5, session hima-77c33381-synthesize-09c2cc holding Design-Compiler 1
#     blocked (wait): blocked, attempt 1, this pack routes a hard-blocker here; the Run waits for a person to clear it
#     read-qor (act): done, attempt 1
#     judge (judge): done, attempt 1, FAIL
#     next-period (explore): done, attempt 1
#   blocker: synthesize after 3 attempts, last exit 2, 3 lines of log on record run-77c33381-f82d-4983-972d-47143c9353a6\#000013: job "synthesize" in tmux session hima-77c33381-synthesize-776f17 exited 2; node synthesize has now failed 3 times and spent its retry allowance of 3
#   resumed: synthesize by session-b0668e5c-9e35-42d2-acbf-9dae3f78d673 at 2026-09-11T09:02:20.597Z
#   decision: next-period chose clock period 2.25 ns by timing-push, citing run-77c33381-f82d-4983-972d-47143c9353a6\#000029, run-77c33381-f82d-4983-972d-47143c9353a6\#000030, run-77c33381-f82d-4983-972d-47143c9353a6\#000026, from period 2, slack -0.2, guardBandNs 0.05
#   experience: written at 2026-09-11T09:02:23.121Z
#     markdown: /private/tmp/hima-tests-lWCMBW/hima-home-vY4MWP/workspace/opene902-timing-probe-20260911-090217-d2aa/hima-experience/run-77c33381-f82d-4983-972d-47143c9353a6.md · sha256 74894368f15af5be30e8aaf7ce4d7f6eb66ea10004ed1273f820bcc315fab7d9 · 2408 bytes
#     json: /private/tmp/hima-tests-lWCMBW/hima-home-vY4MWP/workspace/opene902-timing-probe-20260911-090217-d2aa/hima-experience/run-77c33381-f82d-4983-972d-47143c9353a6.json · sha256 8bd32e9e64b4bab1d074c2b4e1025fc86d641ee752eb2af08438ca98729fa8bb · 3333 bytes
# Subtest: resume answers clearly and writes nothing on a run that has ended and on one that is still running
ok 40 - resume answers clearly and writes nothing on a run that has ended and on one that is still running
  ---
  duration_ms: 34161.797791
  type: 'test'
  ...
# cannot resume run-49958e56-2b5c-4dc1-8351-618b8eac7816: this run is ended-budget-exhausted, and only a waiting run can be resumed; nothing was written
# cannot resume run-ba8dd537-6c82-4395-91ca-e48d402e2036: this run is running, and only a waiting run can be resumed; nothing was written
# Subtest: the hima_resume tool clears the same blocker the command does, and answers with the run it carried on
ok 41 - the hima_resume tool clears the same blocker the command does, and answers with the run it carried on
  ---
  duration_ms: 2881.413
  type: 'test'
  ...
# {"kind":"resumed","runId":"run-f23f296d-4a75-4a42-b749-9086fb526835","status":"ended-budget-exhausted","currentNode":"next-period","nodeId":"synthesize","recordId":"run-f23f296d-4a75-4a42-b749-9086fb526835\#000008"}
# Subtest: POST /hima/api/runs/<id>/resume clears a blocker behind the session fence, the run view carries the blocker, and a run that is not waiting is a coded refusal
ok 42 - POST /hima/api/runs/<id>/resume clears a blocker behind the session fence, the run view carries the blocker, and a run that is not waiting is a coded refusal
  ---
  duration_ms: 4379.976666
  type: 'test'
  ...
# Subtest: the site's job cap holds across runs: a second run records waiting-for-slot, launches only once the first job has finished, and both complete
ok 43 - the site's job cap holds across runs: a second run records waiting-for-slot, launches only once the first job has finished, and both complete
  ---
  duration_ms: 24059.8775
  type: 'test'
  ...
# the queued run waited: site local is running 1 job against a cap of 1; this node waits for a slot
# the slot was released at 2026-09-11T09:03:16.894Z and the queued run launched at 2026-09-11T09:03:16.938Z
# Subtest: attempts survive a host restart: a run blocked after two attempts is resumed on a freshly booted host and its next attempt is the third
ok 44 - attempts survive a host restart: a run blocked after two attempts is resumed on a freshly booted host and its next attempt is the third
  ---
  duration_ms: 4121.065958
  type: 'test'
  ...
# run run-9549112f-8019-4ac5-a64b-c7a5dc05800d of campaign opene902-timing-probe-20260911-090328-0c69 on site local: waiting, generation 1 of at most 1
#   workspace: /private/tmp/hima-tests-lWCMBW/hima-home-Edhx0c/workspace/opene902-timing-probe-20260911-090328-0c69
#   goal: clock period at most 2 ns
#   strategy: clock period 2 ns
#   budget: time box 60 min, retry allowance 2, at most 1 generation, job cap 1, licences Design-Compiler 1
#   current node: blocked
#   meters:
#     elapsed 2.4 s of a time box of 60.0 min
#     generation 1 of at most 1, 2.3 s
#     2 jobs launched, at most 1 job at a time
#     synthesize: attempt 2 of a retry allowance of 2, and 3 attempts in the campaign so far
#     Design-Compiler 0 seats of 1 declared, held for 2.2 s
#   nodes:
#     synthesize (act): blocked, attempt 2, session hima-9549112f-synthesize-d0afa2 holding Design-Compiler 1, job "synthesize" in tmux session hima-9549112f-synthesize-d0afa2 exited 2; node synthesize has now failed 2 times and spent its retry allowance of 2
#     blocked (wait): blocked, attempt 1, this pack routes a hard-blocker here; the Run waits for a person to clear it
#   blocker: synthesize after 2 attempts, last exit 2, 3 lines of log on record run-9549112f-8019-4ac5-a64b-c7a5dc05800d\#000009: job "synthesize" in tmux session hima-9549112f-synthesize-d0afa2 exited 2; node synthesize has now failed 2 times and spent its retry allowance of 2
# resumed run-9549112f-8019-4ac5-a64b-c7a5dc05800d at node synthesize; recorded as run-9549112f-8019-4ac5-a64b-c7a5dc05800d\#000012
# run run-9549112f-8019-4ac5-a64b-c7a5dc05800d of campaign opene902-timing-probe-20260911-090328-0c69 on site local: ended-budget-exhausted, generation 1 of at most 1
#   workspace: /private/tmp/hima-tests-lWCMBW/hima-home-Edhx0c/workspace/opene902-timing-probe-20260911-090328-0c69
#   goal: clock period at most 2 ns
#   strategy: clock period 2 ns
#   budget: time box 60 min, retry allowance 2, at most 1 generation, job cap 1, licences Design-Compiler 1
#   current node: next-period
#   meters:
#     elapsed 3.9 s of a time box of 60.0 min, 193 ms of it waiting on a person, which widens the box by as much
#     generation 1 of at most 1, 3.9 s
#     3 jobs launched, at most 1 job at a time
#     next-period: attempt 1 of a retry allowance of 2, and 7 attempts in the campaign so far
#     Design-Compiler 0 seats of 1 declared, held for 3.2 s
#     ended by the generation limit
#   nodes:
#     synthesize (act): done, attempt 3, session hima-9549112f-synthesize-ea2f81 holding Design-Compiler 1
#     blocked (wait): blocked, attempt 1, this pack routes a hard-blocker here; the Run waits for a person to clear it
#     read-qor (act): done, attempt 1
#     judge (judge): done, attempt 1, FAIL
#     next-period (explore): done, attempt 1
#   blocker: synthesize after 2 attempts, last exit 2, 3 lines of log on record run-9549112f-8019-4ac5-a64b-c7a5dc05800d\#000009: job "synthesize" in tmux session hima-9549112f-synthesize-d0afa2 exited 2; node synthesize has now failed 2 times and spent its retry allowance of 2
#   resumed: synthesize by session-df5e0a1f-2363-431b-ade1-2b6e19313620 at 2026-09-11T09:03:31.327Z
#   decision: next-period chose clock period 2.25 ns by timing-push, citing run-9549112f-8019-4ac5-a64b-c7a5dc05800d\#000021, run-9549112f-8019-4ac5-a64b-c7a5dc05800d\#000022, run-9549112f-8019-4ac5-a64b-c7a5dc05800d\#000018, from period 2, slack -0.2, guardBandNs 0.05
#   experience: written at 2026-09-11T09:03:32.733Z
#     markdown: /private/tmp/hima-tests-lWCMBW/hima-home-Edhx0c/workspace/opene902-timing-probe-20260911-090328-0c69/hima-experience/run-9549112f-8019-4ac5-a64b-c7a5dc05800d.md · sha256 5ddbbf4a12ab1bff26c6a2fa71fa45f047d873cd2f6f5ed30b565f37e387f199 · 2408 bytes
#     json: /private/tmp/hima-tests-lWCMBW/hima-home-Edhx0c/workspace/opene902-timing-probe-20260911-090328-0c69/hima-experience/run-9549112f-8019-4ac5-a64b-c7a5dc05800d.json · sha256 3fe35e9ac922123308b1bef975b601c0d0f06b1491578de420a26916ada22efe · 3333 bytes
# Subtest: a job whose tmux session vanishes is retried at once: the slot its own corpse holds is not counted against it
ok 45 - a job whose tmux session vanishes is retried at once: the slot its own corpse holds is not counted against it
  ---
  duration_ms: 9445.678334
  type: 'test'
  ...
# ending the session of run-afdc740d-2001-461d-a31c-dd79e322cff5's first job: hima-afdc740d-synthesize-0dfa15
# run run-afdc740d-2001-461d-a31c-dd79e322cff5 of campaign opene902-timing-probe-20260911-090332-97fd on site local: ended-budget-exhausted, generation 1 of at most 1
#   workspace: /private/tmp/hima-tests-lWCMBW/hima-home-oCBHXK/workspace/opene902-timing-probe-20260911-090332-97fd
#   goal: clock period at most 2 ns
#   strategy: clock period 2 ns
#   budget: time box 0.5 min, retry allowance 3, at most 1 generation, job cap 1, licences Design-Compiler 1
#   current node: next-period
#   meters:
#     elapsed 9.3 s of a time box of 30.0 s
#     generation 1 of at most 1, 9.2 s
#     2 jobs launched, at most 1 job at a time
#     next-period: attempt 1 of a retry allowance of 3, and 5 attempts in the campaign so far
#     Design-Compiler 1 seat of 1 declared, held for 8.8 s
#     ended by the generation limit
#   nodes:
#     synthesize (act): done, attempt 2, session hima-afdc740d-synthesize-559522 holding Design-Compiler 1
#     read-qor (act): done, attempt 1
#     judge (judge): done, attempt 1, FAIL
#     next-period (explore): done, attempt 1
#   decision: next-period chose clock period 2.25 ns by timing-push, citing run-afdc740d-2001-461d-a31c-dd79e322cff5\#000013, run-afdc740d-2001-461d-a31c-dd79e322cff5\#000014, run-afdc740d-2001-461d-a31c-dd79e322cff5\#000010, from period 2, slack -0.2, guardBandNs 0.05
#   experience: written at 2026-09-11T09:03:42.186Z
#     markdown: /private/tmp/hima-tests-lWCMBW/hima-home-oCBHXK/workspace/opene902-timing-probe-20260911-090332-97fd/hima-experience/run-afdc740d-2001-461d-a31c-dd79e322cff5.md · sha256 7d3398e76f122f2594d3cdb8942d8f82d566fdc7975dfeaedbc72c289682bb64 · 1659 bytes
#     json: /private/tmp/hima-tests-lWCMBW/hima-home-oCBHXK/workspace/opene902-timing-probe-20260911-090332-97fd/hima-experience/run-afdc740d-2001-461d-a31c-dd79e322cff5.json · sha256 2e322095e40c7ef0e607ecbacb11a73d8ff3f9e31dc1029a9789a16b98717de0 · 2317 bytes
# Subtest: two runs started in the same instant do not both launch past a cap of one: the check and the launch are one step per site
ok 46 - two runs started in the same instant do not both launch past a cap of one: the check and the launch are one step per site
  ---
  duration_ms: 17101.741167
  type: 'test'
  ...
# run run-ab65878d-7748-4041-9283-117d3b0caafe of campaign opene902-timing-probe-20260911-090342-4ca0 on site local: ended-budget-exhausted, generation 1 of at most 1
#   workspace: /private/tmp/hima-tests-lWCMBW/hima-home-nsf8iH/workspace/opene902-timing-probe-20260911-090342-4ca0
#   goal: clock period at most 2 ns
#   strategy: clock period 2 ns
#   budget: time box 0.7 min, retry allowance 3, at most 1 generation, job cap 1, licences Design-Compiler 1
#   current node: next-period
#   meters:
#     elapsed 8.7 s of a time box of 42.0 s
#     generation 1 of at most 1, 8.6 s
#     1 job launched, at most 1 job at a time
#     next-period: attempt 1 of a retry allowance of 3, and 4 attempts in the campaign so far
#     Design-Compiler 0 seats of 1 declared, held for 8.2 s
#     ended by the generation limit
#   nodes:
#     synthesize (act): done, attempt 1, session hima-ab65878d-synthesize-46aeba holding Design-Compiler 1
#     read-qor (act): done, attempt 1
#     judge (judge): done, attempt 1, FAIL
#     next-period (explore): done, attempt 1
#   decision: next-period chose clock period 2.25 ns by timing-push, citing run-ab65878d-7748-4041-9283-117d3b0caafe\#000011, run-ab65878d-7748-4041-9283-117d3b0caafe\#000012, run-ab65878d-7748-4041-9283-117d3b0caafe\#000008, from period 2, slack -0.2, guardBandNs 0.05
#   experience: written at 2026-09-11T09:03:51.033Z
#     markdown: /private/tmp/hima-tests-lWCMBW/hima-home-nsf8iH/workspace/opene902-timing-probe-20260911-090342-4ca0/hima-experience/run-ab65878d-7748-4041-9283-117d3b0caafe.md · sha256 180ad514c5c5156f14752415b5f76f902fdc8df43ef008a51868c009b10f1c71 · 1659 bytes
#     json: /private/tmp/hima-tests-lWCMBW/hima-home-nsf8iH/workspace/opene902-timing-probe-20260911-090342-4ca0/hima-experience/run-ab65878d-7748-4041-9283-117d3b0caafe.json · sha256 5fab07b1dc85273cc12ce9eb4f12981dabc7e3176cc85055eeb7e4383feeb9b5 · 2317 bytes
# run run-e99f9a46-e7c5-472d-9552-39bb95cbd75f of campaign opene902-timing-probe-20260911-090342-acd1 on site local: ended-budget-exhausted, generation 1 of at most 1
#   workspace: /private/tmp/hima-tests-lWCMBW/hima-home-nsf8iH/workspace/opene902-timing-probe-20260911-090342-acd1
#   goal: clock period at most 2 ns
#   strategy: clock period 2 ns
#   budget: time box 0.7 min, retry allowance 3, at most 1 generation, job cap 1, licences Design-Compiler 1
#   current node: next-period
#   meters:
#     elapsed 16.9 s of a time box of 42.0 s
#     generation 1 of at most 1, 16.8 s
#     1 job launched, at most 1 job at a time
#     next-period: attempt 1 of a retry allowance of 3, and 4 attempts in the campaign so far
#     Design-Compiler 0 seats of 1 declared, held for 8.3 s
#     ended by the generation limit
#   nodes:
#     synthesize (act): done, attempt 1, session hima-e99f9a46-synthesize-f138a8 holding Design-Compiler 1
#     read-qor (act): done, attempt 1
#     judge (judge): done, attempt 1, FAIL
#     next-period (explore): done, attempt 1
#   decision: next-period chose clock period 2.25 ns by timing-push, citing run-e99f9a46-e7c5-472d-9552-39bb95cbd75f\#000011, run-e99f9a46-e7c5-472d-9552-39bb95cbd75f\#000012, run-e99f9a46-e7c5-472d-9552-39bb95cbd75f\#000008, from period 2, slack -0.2, guardBandNs 0.05
#   experience: written at 2026-09-11T09:03:59.284Z
#     markdown: /private/tmp/hima-tests-lWCMBW/hima-home-nsf8iH/workspace/opene902-timing-probe-20260911-090342-acd1/hima-experience/run-e99f9a46-e7c5-472d-9552-39bb95cbd75f.md · sha256 65b8c7dc93d5db5a3d7ffe05957b0261340d241a7e2f52401c4315be0f76ad81 · 1663 bytes
#     json: /private/tmp/hima-tests-lWCMBW/hima-home-nsf8iH/workspace/opene902-timing-probe-20260911-090342-acd1/hima-experience/run-e99f9a46-e7c5-472d-9552-39bb95cbd75f.json · sha256 95cbb0ada314cba60260297ab01d71f8ca3551250fcf97070fd1644ddfdce693 · 2349 bytes
# the slot was released at 2026-09-11T09:03:50.718Z and the queued run launched at 2026-09-11T09:03:50.770Z
# Subtest: a run resumed after its time box would have run out still gets its generation: the box meters the design, not the person
ok 47 - a run resumed after its time box would have run out still gets its generation: the box meters the design, not the person
  ---
  duration_ms: 8716.453458
  type: 'test'
  ...
# run run-d9f48876-b6e0-4eaa-8192-8cad34ac934d of campaign opene902-timing-probe-20260911-090359-fb01 on site local: waiting, generation 1 of at most 1
#   workspace: /private/tmp/hima-tests-lWCMBW/hima-home-5Nk1tX/workspace/opene902-timing-probe-20260911-090359-fb01
#   goal: clock period at most 2 ns
#   strategy: clock period 2 ns
#   budget: time box 0.1 min, retry allowance 3, at most 1 generation, job cap 1, licences Design-Compiler 1
#   current node: blocked
#   meters:
#     elapsed 421 ms of a time box of 6.0 s
#     generation 1 of at most 1, 351 ms
#     3 jobs launched, at most 1 job at a time
#     synthesize: attempt 3 of a retry allowance of 3, and 4 attempts in the campaign so far
#     Design-Compiler 0 seats of 1 declared, held for 142 ms
#   nodes:
#     synthesize (act): blocked, attempt 3, session hima-d9f48876-synthesize-b35654 holding Design-Compiler 1, job "synthesize" in tmux session hima-d9f48876-synthesize-b35654 exited 2; node synthesize has now failed 3 times and spent its retry allowance of 3
#     blocked (wait): blocked, attempt 1, this pack routes a hard-blocker here; the Run waits for a person to clear it
#   blocker: synthesize after 3 attempts, last exit 2, 3 lines of log on record run-d9f48876-b6e0-4eaa-8192-8cad34ac934d\#000013: job "synthesize" in tmux session hima-d9f48876-synthesize-b35654 exited 2; node synthesize has now failed 3 times and spent its retry allowance of 3
# the run blocked 434 ms into a 6000 ms box
# resumed run-d9f48876-b6e0-4eaa-8192-8cad34ac934d at node synthesize; recorded as run-d9f48876-b6e0-4eaa-8192-8cad34ac934d\#000016
# run run-d9f48876-b6e0-4eaa-8192-8cad34ac934d of campaign opene902-timing-probe-20260911-090359-fb01 on site local: ended-budget-exhausted, generation 1 of at most 1
#   workspace: /private/tmp/hima-tests-lWCMBW/hima-home-5Nk1tX/workspace/opene902-timing-probe-20260911-090359-fb01
#   goal: clock period at most 2 ns
#   strategy: clock period 2 ns
#   budget: time box 0.1 min, retry allowance 3, at most 1 generation, job cap 1, licences Design-Compiler 1
#   current node: next-period
#   meters:
#     elapsed 8.5 s of a time box of 6.0 s, 7.7 s of it waiting on a person, which widens the box by as much
#     generation 1 of at most 1, 8.5 s
#     5 jobs launched, at most 1 job at a time
#     next-period: attempt 1 of a retry allowance of 3, and 9 attempts in the campaign so far
#     Design-Compiler 0 seats of 1 declared, held for 239 ms
#     ended by the generation limit
#   nodes:
#     synthesize (act): done, attempt 5, session hima-d9f48876-synthesize-42adce holding Design-Compiler 1
#     blocked (wait): blocked, attempt 1, this pack routes a hard-blocker here; the Run waits for a person to clear it
#     read-qor (act): done, attempt 1
#     judge (judge): done, attempt 1, FAIL
#     next-period (explore): done, attempt 1
#   blocker: synthesize after 3 attempts, last exit 2, 3 lines of log on record run-d9f48876-b6e0-4eaa-8192-8cad34ac934d\#000013: job "synthesize" in tmux session hima-d9f48876-synthesize-b35654 exited 2; node synthesize has now failed 3 times and spent its retry allowance of 3
#   resumed: synthesize by session-fa9f3cc1-d8b9-47c4-a7b5-07ab712cab8f at 2026-09-11T09:04:07.523Z
#   decision: next-period chose clock period 2.25 ns by timing-push, citing run-d9f48876-b6e0-4eaa-8192-8cad34ac934d\#000029, run-d9f48876-b6e0-4eaa-8192-8cad34ac934d\#000030, run-d9f48876-b6e0-4eaa-8192-8cad34ac934d\#000026, from period 2, slack -0.2, guardBandNs 0.05
#   experience: written at 2026-09-11T09:04:07.996Z
#     markdown: /private/tmp/hima-tests-lWCMBW/hima-home-5Nk1tX/workspace/opene902-timing-probe-20260911-090359-fb01/hima-experience/run-d9f48876-b6e0-4eaa-8192-8cad34ac934d.md · sha256 f08475789ae5a831f48a2ed9deaccf0c1dceec5064fffdfafe9afe2663e37558 · 2405 bytes
#     json: /private/tmp/hima-tests-lWCMBW/hima-home-5Nk1tX/workspace/opene902-timing-probe-20260911-090359-fb01/hima-experience/run-d9f48876-b6e0-4eaa-8192-8cad34ac934d.json · sha256 584ec52528d4e2f1bf7ff6d4db8c4783676df796f280002bb0a2f51e09827006 · 3330 bytes
# Subtest: a job launched by hand holds the site's only slot, is refused a second one, and releases it without anyone asking its status
ok 48 - a job launched by hand holds the site's only slot, is refused a second one, and releases it without anyone asking its status
  ---
  duration_ms: 8885.982708
  type: 'test'
  ...
# launched "hold-slot" on local as tmux session hima-b93d32b1-hold-slot-6c9adf (pid 93360) in /private/tmp/hima-tests-lWCMBW/hima-home-xsSR4F/workspace: 'sh' '/private/tmp/hima-tests-lWCMBW/hima-home-xsSR4F/workspace/hold-slot.sh' > '/private/tmp/hima-tests-lWCMBW/hima-home-xsSR4F/workspace/hima-b93d32b1-hold-slot-6c9adf.log' 2>&1; printf '%s\\n' "$?" > '/private/tmp/hima-tests-lWCMBW/hima-home-xsSR4F/workspace/hima-b93d32b1-hold-slot-6c9adf.exit'; recorded as run-b93d32b1-33ed-4215-869c-92908c59c365\#000001 in run-b93d32b1-33ed-4215-869c-92908c59c365
# refused to launch on local: the site is running 1 job against a cap of 1, held by "hold-slot" in tmux session hima-b93d32b1-hold-slot-6c9adf of run-b93d32b1-33ed-4215-869c-92908c59c365; wait for one to end, or stop one with /hima job kill
# run run-a8cab1e0-6a33-434e-beda-2f52daa53df0 of campaign opene902-timing-probe-20260911-090408-2878 on site local: ended-budget-exhausted, generation 1 of at most 1
#   workspace: /private/tmp/hima-tests-lWCMBW/hima-home-xsSR4F/workspace/opene902-timing-probe-20260911-090408-2878
#   goal: clock period at most 2 ns
#   strategy: clock period 2 ns
#   budget: time box 0.7 min, retry allowance 3, at most 1 generation, job cap 1, licences Design-Compiler 1
#   current node: next-period
#   meters:
#     elapsed 8.6 s of a time box of 42.0 s
#     generation 1 of at most 1, 8.6 s
#     1 job launched, at most 1 job at a time
#     next-period: attempt 1 of a retry allowance of 3, and 4 attempts in the campaign so far
#     Design-Compiler 0 seats of 1 declared, held for 46 ms
#     ended by the generation limit
#   nodes:
#     synthesize (act): done, attempt 1, session hima-a8cab1e0-synthesize-418a25 holding Design-Compiler 1
#     read-qor (act): done, attempt 1
#     judge (judge): done, attempt 1, FAIL
#     next-period (explore): done, attempt 1
#   decision: next-period chose clock period 2.25 ns by timing-push, citing run-a8cab1e0-6a33-434e-beda-2f52daa53df0\#000011, run-a8cab1e0-6a33-434e-beda-2f52daa53df0\#000012, run-a8cab1e0-6a33-434e-beda-2f52daa53df0\#000008, from period 2, slack -0.2, guardBandNs 0.05
#   experience: written at 2026-09-11T09:04:16.899Z
#     markdown: /private/tmp/hima-tests-lWCMBW/hima-home-xsSR4F/workspace/opene902-timing-probe-20260911-090408-2878/hima-experience/run-a8cab1e0-6a33-434e-beda-2f52daa53df0.md · sha256 43a8106d84fbba4f6b75ff7bba16324992631697baf9e171770a02665200068a · 1659 bytes
#     json: /private/tmp/hima-tests-lWCMBW/hima-home-xsSR4F/workspace/opene902-timing-probe-20260911-090408-2878/hima-experience/run-a8cab1e0-6a33-434e-beda-2f52daa53df0.json · sha256 b4c9a0b8474c8dded30051faa833e465e0c718dba52c4931c10ed48b6dd10e10 · 2344 bytes
# the hand-launched job released the slot at 2026-09-11T09:04:16.547Z and the run launched at 2026-09-11T09:04:16.591Z
# Subtest: a case variant of the site name is refused as an unknown site before the cap it would have collided with is ever asked: `/hima job launch LOCAL` is not a second slot on `local`
ok 49 - a case variant of the site name is refused as an unknown site before the cap it would have collided with is ever asked: `/hima job launch LOCAL` is not a second slot on `local`
  ---
  duration_ms: 189.3095
  type: 'test'
  ...
# launched "one" on local as tmux session hima-21740cb8-one-6f49c4 (pid 94340) in /private/tmp/hima-tests-lWCMBW/hima-home-B35LyE/workspace: 'sh' '/private/tmp/hima-tests-lWCMBW/hima-home-B35LyE/workspace/hold-slot.sh' > '/private/tmp/hima-tests-lWCMBW/hima-home-B35LyE/workspace/hima-21740cb8-one-6f49c4.log' 2>&1; printf '%s\\n' "$?" > '/private/tmp/hima-tests-lWCMBW/hima-home-B35LyE/workspace/hima-21740cb8-one-6f49c4.exit'; recorded as run-21740cb8-1599-4f90-9e13-0308643194f7\#000001 in run-21740cb8-1599-4f90-9e13-0308643194f7
# Subtest: a waiting run whose box was spent when it stopped is refused a resume in the same words by the command and the route, and nothing is written
ok 50 - a waiting run whose box was spent when it stopped is refused a resume in the same words by the command and the route, and nothing is written
  ---
  duration_ms: 9921.653208
  type: 'test'
  ...
# run run-f2204224-8921-4c4e-a1f0-da6f6c36a54b stopped at node read-qor: EISDIR: illegal operation on a directory, read
# run run-f2204224-8921-4c4e-a1f0-da6f6c36a54b of campaign reads-a-directory-20260911-090417-9441 on site local: waiting, generation 1 of at most 6
#   workspace: /private/tmp/hima-tests-lWCMBW/hima-home-iWZTxX/workspace/reads-a-directory-20260911-090417-9441
#   goal: clock period at most 2 ns
#   strategy: clock period 2 ns
#   budget: time box 0.1 min, retry allowance 3, at most 6 generations, job cap 1, licences Design-Compiler 1
#   current node: read-qor
#   meters:
#     elapsed 236 ms of a time box of 6.0 s
#     generation 1 of at most 6, 162 ms
#     1 job launched, at most 1 job at a time
#     read-qor: attempt 1 of a retry allowance of 3, and 2 attempts in the campaign so far
#     Design-Compiler 0 seats of 1 declared, held for 45 ms
#   nodes:
#     synthesize (act): done, attempt 1, session hima-f2204224-synthesize-0b6057 holding Design-Compiler 1
#     read-qor (act): blocked, attempt 1, EISDIR: illegal operation on a directory, read
# cannot resume run-f2204224-8921-4c4e-a1f0-da6f6c36a54b: run run-f2204224-8921-4c4e-a1f0-da6f6c36a54b had already spent its time box of 6000 ms when it stopped, so resuming it could only end it as ended-budget-exhausted; start a fresh run instead; nothing was written
# {"kind":"unresumable","runId":"run-f2204224-8921-4c4e-a1f0-da6f6c36a54b","reason":"run run-f2204224-8921-4c4e-a1f0-da6f6c36a54b had already spent its time box of 6000 ms when it stopped, so resuming it could only end it as ended-budget-exhausted; start a fresh run instead; nothing was written"}
# Subtest: a run on the local site executes launch, read, judge, decide in one generation, and ends at the generation it was allowed with the next strategy recorded
ok 51 - a run on the local site executes launch, read, judge, decide in one generation, and ends at the generation it was allowed with the next strategy recorded
  ---
  duration_ms: 3961.860709
  type: 'test'
  ...
# run run-73055e4b-9c3d-463a-bfae-77181a5bc6e2 of campaign opene902-timing-probe-20260911-090427-382c on site local: ended-budget-exhausted, generation 1 of at most 1
#   workspace: /private/tmp/hima-tests-lWCMBW/hima-home-pK70Qi/workspace/opene902-timing-probe-20260911-090427-382c
#   goal: clock period at most 2 ns
#   strategy: clock period 2 ns
#   budget: time box 60 min, retry allowance 3, at most 1 generation, job cap 1, licences Design-Compiler 1
#   current node: next-period
#   meters:
#     elapsed 3.5 s of a time box of 60.0 min
#     generation 1 of at most 1, 3.5 s
#     1 job launched, at most 1 job at a time
#     next-period: attempt 1 of a retry allowance of 3, and 4 attempts in the campaign so far
#     Design-Compiler 0 seats of 1 declared, held for 3.2 s
#     ended by the generation limit
#   nodes:
#     synthesize (act): done, attempt 1, session hima-73055e4b-synthesize-954b50 holding Design-Compiler 1
#     read-qor (act): done, attempt 1
#     judge (judge): done, attempt 1, FAIL
#     next-period (explore): done, attempt 1
#   decision: next-period chose clock period 2.25 ns by timing-push, citing run-73055e4b-9c3d-463a-bfae-77181a5bc6e2\#000010, run-73055e4b-9c3d-463a-bfae-77181a5bc6e2\#000011, run-73055e4b-9c3d-463a-bfae-77181a5bc6e2\#000007, from period 2, slack -0.2, guardBandNs 0.05
#   experience: written at 2026-09-11T09:04:31.093Z
#     markdown: /private/tmp/hima-tests-lWCMBW/hima-home-pK70Qi/workspace/opene902-timing-probe-20260911-090427-382c/hima-experience/run-73055e4b-9c3d-463a-bfae-77181a5bc6e2.md · sha256 9afc8fabfcc6e61b0126fc599b6c2576f9f732b6f993e2dbe52e67ee3c22480c · 1661 bytes
#     json: /private/tmp/hima-tests-lWCMBW/hima-home-pK70Qi/workspace/opene902-timing-probe-20260911-090427-382c/hima-experience/run-73055e4b-9c3d-463a-bfae-77181a5bc6e2.json · sha256 7a0fab007543644975a318a071b659e112147f2aeea36f6820da18a0414b7e79 · 2319 bytes
# Subtest: a run whose generation already meets the goal ends goal-met, with no next strategy chosen
ok 52 - a run whose generation already meets the goal ends goal-met, with no next strategy chosen
  ---
  duration_ms: 3717.1735
  type: 'test'
  ...
# Subtest: a spent time box kills the running job, leaves no tmux session, and ends the run budget-exhausted naming the meter
ok 53 - a spent time box kills the running job, leaves no tmux session, and ends the run budget-exhausted naming the meter
  ---
  duration_ms: 5559.893542
  type: 'test'
  ...
# run run-5b0db661-f265-4e22-a886-8cbae143f644 of campaign opene902-timing-probe-20260911-090434-9215 on site local: ended-budget-exhausted, generation 1 of at most 6
#   workspace: /private/tmp/hima-tests-lWCMBW/hima-home-hfABqV/workspace/opene902-timing-probe-20260911-090434-9215
#   goal: clock period at most 2 ns
#   strategy: clock period 2 ns
#   budget: time box 0.0833 min, retry allowance 3, at most 6 generations, job cap 1, licences Design-Compiler 1
#   current node: synthesize
#   meters:
#     elapsed 5.4 s of a time box of 5.0 s
#     generation 1 of at most 6, 5.3 s
#     1 job launched, at most 1 job at a time
#     synthesize: attempt 1 of a retry allowance of 3, and 1 attempt in the campaign so far
#     Design-Compiler 0 seats of 1 declared, held for 5.2 s
#     ended by the time box
#   nodes:
#     synthesize (act): cancelled, attempt 1, session hima-5b0db661-synthesize-8ceaa4 holding Design-Compiler 1
#   experience: written at 2026-09-11T09:04:40.379Z
#     markdown: /private/tmp/hima-tests-lWCMBW/hima-home-hfABqV/workspace/opene902-timing-probe-20260911-090434-9215/hima-experience/run-5b0db661-f265-4e22-a886-8cbae143f644.md · sha256 7c78b4d582d29a1194c7302ffdc3f8770424c194f41b1eef648927e84f29beed · 1347 bytes
#     json: /private/tmp/hima-tests-lWCMBW/hima-home-hfABqV/workspace/opene902-timing-probe-20260911-090434-9215/hima-experience/run-5b0db661-f265-4e22-a886-8cbae143f644.json · sha256 a0c358e925222a6212a3739cd634174c6230e41bf36d6c6676d72cb0a024038b · 1321 bytes
# Subtest: a run of a pack naming a chooser this harness does not ship is refused before a campaign exists
ok 54 - a run of a pack naming a chooser this harness does not ship is refused before a campaign exists
  ---
  duration_ms: 140.426583
  type: 'test'
  ...
# Subtest: an act node naming an argument the Run cannot bind blocks with a reason naming it, and launches nothing
ok 55 - an act node naming an argument the Run cannot bind blocks with a reason naming it, and launches nothing
  ---
  duration_ms: 224.648458
  type: 'test'
  ...
# run run-ec733cba-cb94-43f5-bcfe-837a0df83ffc of campaign unbindable-argument-20260911-090440-7ae5 on site local: waiting, generation 1 of at most 6
#   workspace: /private/tmp/hima-tests-lWCMBW/hima-home-mkLpv2/workspace/unbindable-argument-20260911-090440-7ae5
#   goal: clock period at most 2 ns
#   strategy: clock period 2 ns
#   budget: time box 60 min, retry allowance 3, at most 6 generations, job cap 1, licences Design-Compiler 1
#   current node: synthesize
#   meters:
#     elapsed 94 ms of a time box of 60.0 min
#     generation 1 of at most 6, 24 ms
#     0 jobs launched, at most 1 job at a time
#     synthesize: attempt 1 of a retry allowance of 3, and 0 attempts in the campaign so far
#     Design-Compiler 0 seats of 1 declared
#   nodes:
#     synthesize (act): blocked, attempt 1, node synthesize names argument PERIOD_NS that neither the Run's strategy nor its Goal binds: goal "no_such_knob"
# Subtest: a fault thrown mid-drive is a blocked node with the message on it, not a stack trace and a run still claiming to be running
ok 56 - a fault thrown mid-drive is a blocked node with the message on it, not a stack trace and a run still claiming to be running
  ---
  duration_ms: 3488.14525
  type: 'test'
  ...
# run run-9814b6e4-1b15-4050-8e25-0a09bf405323 stopped at node read-qor: EISDIR: illegal operation on a directory, read
# run run-9814b6e4-1b15-4050-8e25-0a09bf405323 of campaign reads-a-directory-20260911-090440-fb34 on site local: waiting, generation 1 of at most 6
#   workspace: /private/tmp/hima-tests-lWCMBW/hima-home-UnRzvt/workspace/reads-a-directory-20260911-090440-fb34
#   goal: clock period at most 2 ns
#   strategy: clock period 2 ns
#   budget: time box 60 min, retry allowance 3, at most 6 generations, job cap 1, licences Design-Compiler 1
#   current node: read-qor
#   meters:
#     elapsed 3.3 s of a time box of 60.0 min
#     generation 1 of at most 6, 3.3 s
#     1 job launched, at most 1 job at a time
#     read-qor: attempt 1 of a retry allowance of 3, and 2 attempts in the campaign so far
#     Design-Compiler 0 seats of 1 declared, held for 3.2 s
#   nodes:
#     synthesize (act): done, attempt 1, session hima-9814b6e4-synthesize-931cd2 holding Design-Compiler 1
#     read-qor (act): blocked, attempt 1, EISDIR: illegal operation on a directory, read
# Subtest: POST /hima/api/runs answers a mid-drive fault as hima/internal carrying the run id and the message
ok 57 - POST /hima/api/runs answers a mid-drive fault as hima/internal carrying the run id and the message
  ---
  duration_ms: 4996.723459
  type: 'test'
  ...
# Subtest: waiting for a long job backs off, so the launch is still in the channel's audit when the run ends
ok 58 - waiting for a long job backs off, so the launch is still in the channel's audit when the run ends
  ---
  duration_ms: 14796.962791
  type: 'test'
  ...
# 14 looks at the job over twelve seconds of synthesis
# Subtest: the hima_run tool starts the same run as the command, and answers with the run it started
ok 59 - the hima_run tool starts the same run as the command, and answers with the run it started
  ---
  duration_ms: 3679.375917
  type: 'test'
  ...
# Subtest: the command face and the tool face refuse a number the same way, in the same words, and start nothing
ok 60 - the command face and the tool face refuse a number the same way, in the same words, and start nothing
  ---
  duration_ms: 166.007583
  type: 'test'
  ...
# Subtest: a --time-box the shared validator accepts but that converts to a millisecond value the ledger schema would refuse is caught before it ever reaches the ledger, on every face, and the ledger reopens cleanly after
ok 61 - a --time-box the shared validator accepts but that converts to a millisecond value the ledger schema would refuse is caught before it ever reaches the ledger, on every face, and the ledger reopens cleanly after
  ---
  duration_ms: 196.383333
  type: 'test'
  ...
# Subtest: POST /hima/api/runs starts a run behind the session fence, and the run view carries its status, goal, strategy, budget, meters, nodes, jobs and decision
ok 62 - POST /hima/api/runs starts a run behind the session fence, and the run view carries its status, goal, strategy, budget, meters, nodes, jobs and decision
  ---
  duration_ms: 5200.055167
  type: 'test'
  ...
# Subtest: /hima status reports the run's status, its current node, every node state, the meters and the decision
ok 63 - /hima status reports the run's status, its current node, every node state, the meters and the decision
  ---
  duration_ms: 3668.049417
  type: 'test'
  ...
# run run-d9acfedc-3bd8-4169-8aec-bfa9ea0a1744 of campaign opene902-timing-probe-20260911-090513-5ffc on site local: ended-budget-exhausted, generation 1 of at most 1
#   workspace: /private/tmp/hima-tests-lWCMBW/hima-home-N4S0De/workspace/opene902-timing-probe-20260911-090513-5ffc
#   goal: clock period at most 2 ns
#   strategy: clock period 2 ns
#   budget: time box 60 min, retry allowance 3, at most 1 generation, job cap 1, licences Design-Compiler 1
#   current node: next-period
#   meters:
#     elapsed 3.5 s of a time box of 60.0 min
#     generation 1 of at most 1, 3.4 s
#     1 job launched, at most 1 job at a time
#     next-period: attempt 1 of a retry allowance of 3, and 4 attempts in the campaign so far
#     Design-Compiler 0 seats of 1 declared, held for 3.1 s
#     ended by the generation limit
#   nodes:
#     synthesize (act): done, attempt 1, session hima-d9acfedc-synthesize-092467 holding Design-Compiler 1
#     read-qor (act): done, attempt 1
#     judge (judge): done, attempt 1, FAIL
#     next-period (explore): done, attempt 1
#   decision: next-period chose clock period 2.25 ns by timing-push, citing run-d9acfedc-3bd8-4169-8aec-bfa9ea0a1744\#000010, run-d9acfedc-3bd8-4169-8aec-bfa9ea0a1744\#000011, run-d9acfedc-3bd8-4169-8aec-bfa9ea0a1744\#000007, from period 2, slack -0.2, guardBandNs 0.05
#   experience: written at 2026-09-11T09:05:16.930Z
#     markdown: /private/tmp/hima-tests-lWCMBW/hima-home-N4S0De/workspace/opene902-timing-probe-20260911-090513-5ffc/hima-experience/run-d9acfedc-3bd8-4169-8aec-bfa9ea0a1744.md · sha256 411d4c8689835dcc7c7ed11ad4dc2cebbff8623a896ab1c35727e900d23f7961 · 1661 bytes
#     json: /private/tmp/hima-tests-lWCMBW/hima-home-N4S0De/workspace/opene902-timing-probe-20260911-090513-5ffc/hima-experience/run-d9acfedc-3bd8-4169-8aec-bfa9ea0a1744.json · sha256 de9e0f0807f843f3fcddedb4bf66d3086f2a965f640c1834d2f7aedd00a8361b · 2319 bytes
# Subtest: a fabric run's records and its run state read back unchanged after a host restart
ok 64 - a fabric run's records and its run state read back unchanged after a host restart
  ---
  duration_ms: 3775.045917
  type: 'test'
  ...
# Subtest: a poll that cannot ask the site writes nothing and keeps asking, and the run finishes when the socket comes back
ok 65 - a poll that cannot ask the site writes nothing and keeps asking, and the run finishes when the socket comes back
  ---
  duration_ms: 21104.1195
  type: 'test'
  ...
# /hima job status: cannot tell whether tmux session hima-a7fb9258-synthesize-dc4e20 is there on site local: error connecting to /private/tmp/hima-7019fd56/tmux-502/default (No such file or directory). The job may still be running under a tmux server nothing can reach, so nothing is claimed about it
# run run-a7fb9258-92b5-4c9a-b886-e7e21725ebf5 of campaign opene902-timing-probe-20260911-090521-3011 on site local: ended-budget-exhausted, generation 1 of at most 1
#   workspace: /private/tmp/hima-tests-lWCMBW/hima-home-1qxT4N/workspace/opene902-timing-probe-20260911-090521-3011
#   goal: clock period at most 2 ns
#   strategy: clock period 2 ns
#   budget: time box 60 min, retry allowance 3, at most 1 generation, job cap 1, licences Design-Compiler 1
#   current node: next-period
#   meters:
#     elapsed 20.7 s of a time box of 60.0 min
#     generation 1 of at most 1, 20.6 s
#     1 job launched, at most 1 job at a time
#     next-period: attempt 1 of a retry allowance of 3, and 4 attempts in the campaign so far
#     Design-Compiler 0 seats of 1 declared, held for 20.3 s
#     ended by the generation limit
#   nodes:
#     synthesize (act): done, attempt 1, session hima-a7fb9258-synthesize-dc4e20 holding Design-Compiler 1
#     read-qor (act): done, attempt 1
#     judge (judge): done, attempt 1, FAIL
#     next-period (explore): done, attempt 1
#   decision: next-period chose clock period 2.25 ns by timing-push, citing run-a7fb9258-92b5-4c9a-b886-e7e21725ebf5\#000010, run-a7fb9258-92b5-4c9a-b886-e7e21725ebf5\#000011, run-a7fb9258-92b5-4c9a-b886-e7e21725ebf5\#000007, from period 2, slack -0.2, guardBandNs 0.05
#   experience: written at 2026-09-11T09:05:42.110Z
#     markdown: /private/tmp/hima-tests-lWCMBW/hima-home-1qxT4N/workspace/opene902-timing-probe-20260911-090521-3011/hima-experience/run-a7fb9258-92b5-4c9a-b886-e7e21725ebf5.md · sha256 801662ed50b161761587e1aa8930b0c345b5c51184e10ddd7f545acdf74dcfae · 1666 bytes
#     json: /private/tmp/hima-tests-lWCMBW/hima-home-1qxT4N/workspace/opene902-timing-probe-20260911-090521-3011/hima-experience/run-a7fb9258-92b5-4c9a-b886-e7e21725ebf5.json · sha256 0ad0d98c1d21f88c1cc9c4ed9341edfe3fcc27b70eb8aa1ed36e9f5e142e76fd · 2323 bytes
# Subtest: a socket directory that cannot be entered is a cannot-tell too, and the job is found again when it opens
ok 66 - a socket directory that cannot be entered is a cannot-tell too, and the job is found again when it opens
  ---
  duration_ms: 224.049
  type: 'test'
  ...
# Subtest: a probe the site could never run — the command would not start, the command never answered — is a cannot-tell too
ok 67 - a probe the site could never run — the command would not start, the command never answered — is a cannot-tell too
  ---
  duration_ms: 788.998416
  type: 'test'
  ...
# Subtest: a run whose site cannot be asked is reported site-unreadable at a restart and left exactly as it was
ok 68 - a run whose site cannot be asked is reported site-unreadable at a restart and left exactly as it was
  ---
  duration_ms: 874.724375
  type: 'test'
  ...
# running hima-3b3f38dc-synthesize-0f3bf7 in run-3b3f38dc-0f3e-4407-add3-cb780d1f626a
# Subtest: a time box that runs out while the site cannot be asked writes the one blocker this rule adds: the kill did not take, and the run waits
ok 69 - a time box that runs out while the site cannot be asked writes the one blocker this rule adds: the kill did not take, and the run waits
  ---
  duration_ms: 11530.845292
  type: 'test'
  ...
# run run-26d72e08-a6f7-40b8-9a5a-a315712e2d62 of campaign opene902-timing-probe-20260911-090544-916a on site local: waiting, generation 1 of at most 1
#   workspace: /private/tmp/hima-tests-lWCMBW/hima-home-Z1iEg3/workspace/opene902-timing-probe-20260911-090544-916a
#   goal: clock period at most 2 ns
#   strategy: clock period 2 ns
#   budget: time box 0.15 min, retry allowance 3, at most 1 generation, job cap 1, licences Design-Compiler 1
#   current node: synthesize
#   meters:
#     elapsed 11.4 s of a time box of 9.0 s
#     generation 1 of at most 1, 11.3 s
#     1 job launched, at most 1 job at a time
#     synthesize: attempt 1 of a retry allowance of 3, and 1 attempt in the campaign so far
#     Design-Compiler 1 seat of 1 declared, held for 11.3 s
#   nodes:
#     synthesize (act): blocked, attempt 1, session hima-26d72e08-synthesize-ad0d2b holding Design-Compiler 1, asked to stop at the time box but the site could not be asked about its tmux session hima-26d72e08-synthesize-ad0d2b: the kill did not take, and the job may still be running on the site — cannot tell whether tmux session hima-26d72e08-synthesize-ad0d2b is there on site local: error connecting to /private/tmp/hima-b3ec4260/tmux-502/default (No such file or directory). The job may still be running under a tmux server nothing can reach, so nothing is claimed about it
# Subtest: a run resumed while the site cannot be asked keeps asking instead of being stranded, and carries on when the site answers
ok 70 - a run resumed while the site cannot be asked keeps asking instead of being stranded, and carries on when the site answers
  ---
  duration_ms: 20749.335334
  type: 'test'
  ...
# run run-47b814ab-0901-4eb4-9afb-72c0d7eb6e4b of campaign opene902-timing-probe-20260911-090555-88a9 on site local: waiting, generation 1 of at most 1
#   workspace: /private/tmp/hima-tests-lWCMBW/hima-home-yikHOy/workspace/opene902-timing-probe-20260911-090555-88a9
#   goal: clock period at most 2 ns
#   strategy: clock period 2 ns
#   budget: time box 5 min, retry allowance 1, at most 1 generation, job cap 1, licences Design-Compiler 1
#   current node: blocked
#   meters:
#     elapsed 744 ms of a time box of 5.0 min
#     generation 1 of at most 1, 671 ms
#     1 job launched, at most 1 job at a time
#     synthesize: attempt 1 of a retry allowance of 1, and 2 attempts in the campaign so far
#     Design-Compiler 1 seat of 1 declared, held for 595 ms
#   nodes:
#     synthesize (act): blocked, attempt 1, session hima-47b814ab-synthesize-13eb80 holding Design-Compiler 1, job "synthesize" is gone: tmux session hima-47b814ab-synthesize-13eb80 has ended and it wrote no exit status; node synthesize has now failed 1 time and spent its retry allowance of 1
#     blocked (wait): blocked, attempt 1, this pack routes a hard-blocker here; the Run waits for a person to clear it
#   blocker: synthesize after 1 attempt, 1 line of log on record run-47b814ab-0901-4eb4-9afb-72c0d7eb6e4b\#000004: job "synthesize" is gone: tmux session hima-47b814ab-synthesize-13eb80 has ended and it wrote no exit status; node synthesize has now failed 1 time and spent its retry allowance of 1
# resumed run-47b814ab-0901-4eb4-9afb-72c0d7eb6e4b at node synthesize; recorded as run-47b814ab-0901-4eb4-9afb-72c0d7eb6e4b\#000007
# run run-47b814ab-0901-4eb4-9afb-72c0d7eb6e4b of campaign opene902-timing-probe-20260911-090555-88a9 on site local: ended-budget-exhausted, generation 1 of at most 1
#   workspace: /private/tmp/hima-tests-lWCMBW/hima-home-yikHOy/workspace/opene902-timing-probe-20260911-090555-88a9
#   goal: clock period at most 2 ns
#   strategy: clock period 2 ns
#   budget: time box 5 min, retry allowance 1, at most 1 generation, job cap 1, licences Design-Compiler 1
#   current node: next-period
#   meters:
#     elapsed 20.6 s of a time box of 5.0 min, 91 ms of it waiting on a person, which widens the box by as much
#     generation 1 of at most 1, 20.5 s
#     2 jobs launched, at most 1 job at a time
#     next-period: attempt 1 of a retry allowance of 1, and 6 attempts in the campaign so far
#     Design-Compiler 1 seat of 1 declared, held for 11.9 s
#     ended by the generation limit
#   nodes:
#     synthesize (act): done, attempt 2, session hima-47b814ab-synthesize-224c63 holding Design-Compiler 1
#     blocked (wait): blocked, attempt 1, this pack routes a hard-blocker here; the Run waits for a person to clear it
#     read-qor (act): done, attempt 1
#     judge (judge): done, attempt 1, FAIL
#     next-period (explore): done, attempt 1
#   blocker: synthesize after 1 attempt, 1 line of log on record run-47b814ab-0901-4eb4-9afb-72c0d7eb6e4b\#000004: job "synthesize" is gone: tmux session hima-47b814ab-synthesize-13eb80 has ended and it wrote no exit status; node synthesize has now failed 1 time and spent its retry allowance of 1
#   resumed: synthesize by session-ea4508a5-c91a-472f-b1ab-4683fdbdfa82 at 2026-09-11T09:05:56.468Z
#   decision: next-period chose clock period 2.25 ns by timing-push, citing run-47b814ab-0901-4eb4-9afb-72c0d7eb6e4b\#000016, run-47b814ab-0901-4eb4-9afb-72c0d7eb6e4b\#000017, run-47b814ab-0901-4eb4-9afb-72c0d7eb6e4b\#000013, from period 2, slack -0.2, guardBandNs 0.05
#   experience: written at 2026-09-11T09:06:16.269Z
#     markdown: /private/tmp/hima-tests-lWCMBW/hima-home-yikHOy/workspace/opene902-timing-probe-20260911-090555-88a9/hima-experience/run-47b814ab-0901-4eb4-9afb-72c0d7eb6e4b.md · sha256 34ed5d8d9dbcc9ff1364cc047736d5b32476807d0d4dd34af0e2bd3eebaa3a8a · 2172 bytes
#     json: /private/tmp/hima-tests-lWCMBW/hima-home-yikHOy/workspace/opene902-timing-probe-20260911-090555-88a9/hima-experience/run-47b814ab-0901-4eb4-9afb-72c0d7eb6e4b.json · sha256 6e30337a18c330b3e09932283a4a6badd79b29014e9322c1afa9365a5ea770e4 · 3082 bytes
# Subtest: a first launch onto a site whose slots cannot be counted is asked again, not blocked: nothing of that run is written until it launches
ok 71 - a first launch onto a site whose slots cannot be counted is asked again, not blocked: nothing of that run is written until it launches
  ---
  duration_ms: 21058.6385
  type: 'test'
  ...
# run run-472ef1fd-ae97-4695-b84f-3edc718ca588 of campaign opene902-timing-probe-20260911-090616-4903 on site local: ended-budget-exhausted, generation 1 of at most 1
#   workspace: /private/tmp/hima-tests-lWCMBW/hima-home-5Kn5qE/workspace/opene902-timing-probe-20260911-090616-4903
#   goal: clock period at most 2 ns
#   strategy: clock period 2 ns
#   budget: time box 60 min, retry allowance 3, at most 1 generation, job cap 1, licences Design-Compiler 1
#   current node: next-period
#   meters:
#     elapsed 20.8 s of a time box of 60.0 min
#     generation 1 of at most 1, 20.7 s
#     1 job launched, at most 1 job at a time
#     next-period: attempt 1 of a retry allowance of 3, and 4 attempts in the campaign so far
#     Design-Compiler 0 seats of 1 declared, held for 3.1 s
#     ended by the generation limit
#   nodes:
#     synthesize (act): done, attempt 1, session hima-472ef1fd-synthesize-b38ba1 holding Design-Compiler 1
#     read-qor (act): done, attempt 1
#     judge (judge): done, attempt 1, FAIL
#     next-period (explore): done, attempt 1
#   decision: next-period chose clock period 2.25 ns by timing-push, citing run-472ef1fd-ae97-4695-b84f-3edc718ca588\#000011, run-472ef1fd-ae97-4695-b84f-3edc718ca588\#000012, run-472ef1fd-ae97-4695-b84f-3edc718ca588\#000008, from period 2, slack -0.2, guardBandNs 0.05
#   experience: written at 2026-09-11T09:06:37.329Z
#     markdown: /private/tmp/hima-tests-lWCMBW/hima-home-5Kn5qE/workspace/opene902-timing-probe-20260911-090616-4903/hima-experience/run-472ef1fd-ae97-4695-b84f-3edc718ca588.md · sha256 d7626354f712f8a842f58b1932da697a0c29a873985e7b6b4236e24a9fb75ba1 · 1665 bytes
#     json: /private/tmp/hima-tests-lWCMBW/hima-home-5Kn5qE/workspace/opene902-timing-probe-20260911-090616-4903/hima-experience/run-472ef1fd-ae97-4695-b84f-3edc718ca588.json · sha256 f3d34b550782e6b861919b285282329fb70d411ac5afe8daa558845ee1c9d6db · 2351 bytes
# Subtest: a launch that was sent and never answered is not sent again: the node blocks and the run waits for a person
ok 72 - a launch that was sent and never answered is not sent again: the node blocks and the run waits for a person
  ---
  duration_ms: 7550.999042
  type: 'test'
  ...
# run run-6911880e-0cf1-4e8d-b8fa-2fabbde3dc1d stopped at node synthesize: cannot run tmux on site local: it was killed by SIGKILL
# run run-6911880e-0cf1-4e8d-b8fa-2fabbde3dc1d of campaign opene902-timing-probe-20260911-090637-7705 on site local: waiting, generation 1 of at most 1
#   workspace: /private/tmp/hima-tests-lWCMBW/hima-home-ohKckG/workspace/opene902-timing-probe-20260911-090637-7705
#   goal: clock period at most 2 ns
#   strategy: clock period 2 ns
#   budget: time box 60 min, retry allowance 3, at most 1 generation, job cap 1, licences Design-Compiler 1
#   current node: synthesize
#   meters:
#     elapsed 918 ms of a time box of 60.0 min
#     generation 1 of at most 1, 854 ms
#     0 jobs launched, at most 1 job at a time
#     synthesize: attempt 1 of a retry allowance of 3, and 0 attempts in the campaign so far
#     Design-Compiler 0 seats of 1 declared
#   nodes:
#     synthesize (act): blocked, attempt 1, cannot run tmux on site local: it was killed by SIGKILL
# Subtest: a launch that crossed a cancel and cannot be asked to stop blocks its node and leaves the run waiting, so the next cancel asks again
ok 73 - a launch that crossed a cancel and cannot be asked to stop blocks its node and leaves the run waiting, so the next cancel asks again
  ---
  duration_ms: 5840.040083
  type: 'test'
  ...
# cancelled run run-017bddc5-a2b9-428a-b9f2-8ef4800c9753: no job of this run was open when the request was read
# run run-017bddc5-a2b9-428a-b9f2-8ef4800c9753 of campaign opene902-timing-probe-20260911-090645-0dd2 on site local: cancelled, generation 1 of at most 1
#   workspace: /private/tmp/hima-tests-lWCMBW/hima-home-ujplKE/workspace/opene902-timing-probe-20260911-090645-0dd2
#   goal: clock period at most 2 ns
#   strategy: clock period 2 ns
#   budget: time box 60 min, retry allowance 3, at most 1 generation, job cap 1, licences Design-Compiler 1
#   current node: synthesize
#   meters:
#     elapsed 560 ms of a time box of 60.0 min
#     generation 1 of at most 1, 483 ms
#     0 jobs launched, at most 1 job at a time
#     synthesize: attempt 1 of a retry allowance of 3, and 0 attempts in the campaign so far
#     Design-Compiler 0 seats of 1 declared
#     ended by a person's cancel
#   nodes:
#     synthesize (act): cancelled, attempt 1
#   cancel: asked at 2026-09-11T09:06:45.586Z, node synthesize; no job of this run was open when the request was read
#   experience: written at 2026-09-11T09:06:45.639Z
#     markdown: /private/tmp/hima-tests-lWCMBW/hima-home-ujplKE/workspace/opene902-timing-probe-20260911-090645-0dd2/hima-experience/run-017bddc5-a2b9-428a-b9f2-8ef4800c9753.md · sha256 d3bc997dc661e4a7b326abca35469a3531f3c96b1e94cc1174d44019a063bf01 · 1537 bytes
#     json: /private/tmp/hima-tests-lWCMBW/hima-home-ujplKE/workspace/opene902-timing-probe-20260911-090645-0dd2/hima-experience/run-017bddc5-a2b9-428a-b9f2-8ef4800c9753.json · sha256 8407e09a72929892e5b0fe3e27fdf8b2526e172c7acea79cab3a5d7982804f19 · 1412 bytes
# run run-017bddc5-a2b9-428a-b9f2-8ef4800c9753 of campaign opene902-timing-probe-20260911-090645-0dd2 on site local: waiting, generation 1 of at most 1
#   workspace: /private/tmp/hima-tests-lWCMBW/hima-home-ujplKE/workspace/opene902-timing-probe-20260911-090645-0dd2
#   goal: clock period at most 2 ns
#   strategy: clock period 2 ns
#   budget: time box 60 min, retry allowance 3, at most 1 generation, job cap 1, licences Design-Compiler 1
#   current node: synthesize
#   meters:
#     elapsed 5.6 s of a time box of 60.0 min
#     generation 1 of at most 1, 5.5 s
#     1 job launched, at most 1 job at a time
#     synthesize: attempt 1 of a retry allowance of 3, and 1 attempt in the campaign so far
#     Design-Compiler 1 seat of 1 declared, held for 62 ms
#   nodes:
#     synthesize (act): blocked, attempt 1, session hima-017bddc5-synthesize-45d261 holding Design-Compiler 1, asked to stop by a cancel but the site could not be asked about its tmux session hima-017bddc5-synthesize-45d261: the kill did not take, and the job may still be running on the site — cannot run tmux on site local: it was killed by SIGKILL
#   cancel: asked at 2026-09-11T09:06:45.586Z, node synthesize; no job of this run was open when the request was read
#   experience: written at 2026-09-11T09:06:45.639Z
#     markdown: /private/tmp/hima-tests-lWCMBW/hima-home-ujplKE/workspace/opene902-timing-probe-20260911-090645-0dd2/hima-experience/run-017bddc5-a2b9-428a-b9f2-8ef4800c9753.md · sha256 d3bc997dc661e4a7b326abca35469a3531f3c96b1e94cc1174d44019a063bf01 · 1537 bytes
#     json: /private/tmp/hima-tests-lWCMBW/hima-home-ujplKE/workspace/opene902-timing-probe-20260911-090645-0dd2/hima-experience/run-017bddc5-a2b9-428a-b9f2-8ef4800c9753.json · sha256 8407e09a72929892e5b0fe3e27fdf8b2526e172c7acea79cab3a5d7982804f19 · 1412 bytes
# cancelled run run-017bddc5-a2b9-428a-b9f2-8ef4800c9753: stopped its job "synthesize" in tmux session hima-017bddc5-synthesize-45d261, recorded as run-017bddc5-a2b9-428a-b9f2-8ef4800c9753\#000009
# run run-017bddc5-a2b9-428a-b9f2-8ef4800c9753 of campaign opene902-timing-probe-20260911-090645-0dd2 on site local: cancelled, generation 1 of at most 1
#   workspace: /private/tmp/hima-tests-lWCMBW/hima-home-ujplKE/workspace/opene902-timing-probe-20260911-090645-0dd2
#   goal: clock period at most 2 ns
#   strategy: clock period 2 ns
#   budget: time box 60 min, retry allowance 3, at most 1 generation, job cap 1, licences Design-Compiler 1
#   current node: synthesize
#   meters:
#     elapsed 5.7 s of a time box of 60.0 min
#     generation 1 of at most 1, 5.6 s
#     1 job launched, at most 1 job at a time
#     synthesize: attempt 1 of a retry allowance of 3, and 1 attempt in the campaign so far
#     Design-Compiler 0 seats of 1 declared, held for 62 ms
#     ended by a person's cancel
#   nodes:
#     synthesize (act): cancelled, attempt 1, session hima-017bddc5-synthesize-45d261 holding Design-Compiler 1
#   cancel: asked at 2026-09-11T09:06:45.586Z, node synthesize; no job of this run was open when the request was read
#   cancel: asked at 2026-09-11T09:06:50.685Z, node synthesize, session hima-017bddc5-synthesize-45d261; hima-017bddc5-synthesize-45d261 stopped, recorded as run-017bddc5-a2b9-428a-b9f2-8ef4800c9753\#000009
#   experience: written at 2026-09-11T09:06:45.639Z
#     markdown: /private/tmp/hima-tests-lWCMBW/hima-home-ujplKE/workspace/opene902-timing-probe-20260911-090645-0dd2/hima-experience/run-017bddc5-a2b9-428a-b9f2-8ef4800c9753.md · sha256 d3bc997dc661e4a7b326abca35469a3531f3c96b1e94cc1174d44019a063bf01 · 1537 bytes
#     json: /private/tmp/hima-tests-lWCMBW/hima-home-ujplKE/workspace/opene902-timing-probe-20260911-090645-0dd2/hima-experience/run-017bddc5-a2b9-428a-b9f2-8ef4800c9753.json · sha256 8407e09a72929892e5b0fe3e27fdf8b2526e172c7acea79cab3a5d7982804f19 · 1412 bytes
# Subtest: a job that wrote its exit file settles from it even when the socket is gone for good
ok 74 - a job that wrote its exit file settles from it even when the socket is gone for good
  ---
  duration_ms: 213.68125
  type: 'test'
  ...
# Subtest: a socket directory where tmux has never run is a free session name, and the launch starts the server it will talk to
ok 75 - a socket directory where tmux has never run is a free session name, and the launch starts the server it will talk to
  ---
  duration_ms: 164.637833
  type: 'test'
  ...
# Subtest: a local job is launched detached, runs, and its exit code comes back from the exit file it wrote
ok 76 - a local job is launched detached, runs, and its exit code comes back from the exit file it wrote
  ---
  duration_ms: 4563.358625
  type: 'test'
  ...
# Subtest: a job that exits three records exit code three, not a failure of its own
ok 77 - a job that exits three records exit code three, not a failure of its own
  ---
  duration_ms: 208.199458
  type: 'test'
  ...
# Subtest: two launches of one job name in one workspace keep their own log and their own exit code
ok 78 - two launches of one job name in one workspace keep their own log and their own exit code
  ---
  duration_ms: 4417.323125
  type: 'test'
  ...
# Subtest: killing a running job leaves no session behind and records the stop that was observed
ok 79 - killing a running job leaves no session behind and records the stop that was observed
  ---
  duration_ms: 255.427958
  type: 'test'
  ...
# Subtest: a launch into a workspace outside the permit's write roots is refused before any command is run
ok 80 - a launch into a workspace outside the permit's write roots is refused before any command is run
  ---
  duration_ms: 147.490167
  type: 'test'
  ...
# Subtest: a launch whose first word is not an allowed wrapper is refused, and nothing is run at all
ok 81 - a launch whose first word is not an allowed wrapper is refused, and nothing is run at all
  ---
  duration_ms: 151.020375
  type: 'test'
  ...
# Subtest: a job name that would climb out of the workspace is made safe before it names anything
ok 82 - a job name that would climb out of the workspace is made safe before it names anything
  ---
  duration_ms: 200.330416
  type: 'test'
  ...
# Subtest: status on a session the run never launched answers gone rather than inventing a job
ok 83 - status on a session the run never launched answers gone rather than inventing a job
  ---
  duration_ms: 176.895416
  type: 'test'
  ...
# Subtest: the job plumbing the channel admits is exactly the plumbing the job operations run
ok 84 - the job plumbing the channel admits is exactly the plumbing the job operations run
  ---
  duration_ms: 0.170334
  type: 'test'
  ...
# Subtest: the channel runs its own verbs and refuses everything else, on a local site as on a remote one
ok 85 - the channel runs its own verbs and refuses everything else, on a local site as on a remote one
  ---
  duration_ms: 2.750125
  type: 'test'
  ...
# Subtest: the judge rules the real opene902 setup summary by declared rules: all-paths WNS fails, reg2reg passes, each citing the observation it read
ok 86 - the judge rules the real opene902 setup summary by declared rules: all-paths WNS fails, reg2reg passes, each citing the observation it read
  ---
  duration_ms: 572.407625
  type: 'test'
  ...
# Subtest: the judge rules hold WNS on the real opene902 hold summary as PASS, citing that observation
ok 87 - the judge rules hold WNS on the real opene902 hold summary as PASS, citing that observation
  ---
  duration_ms: 215.089083
  type: 'test'
  ...
# Subtest: verdicts survive a host restart and read back unchanged, PASS and UNDETERMINED alike
ok 88 - verdicts survive a host restart and read back unchanged, PASS and UNDETERMINED alike
  ---
  duration_ms: 289.647708
  type: 'test'
  ...
# Subtest: a rule requiring a value the run never observed is UNDETERMINED naming the requirement, never PASS
ok 89 - a rule requiring a value the run never observed is UNDETERMINED naming the requirement, never PASS
  ---
  duration_ms: 187.493
  type: 'test'
  ...
# Subtest: a summary truncated inside its timing table is UNDETERMINED with the reader's own reason, never PASS
ok 90 - a summary truncated inside its timing table is UNDETERMINED with the reader's own reason, never PASS
  ---
  duration_ms: 187.884167
  type: 'test'
  ...
# Subtest: an unknown rule id is an error, never a silent pass, and writes no verdict
ok 91 - an unknown rule id is an error, never a silent pass, and writes no verdict
  ---
  duration_ms: 181.237375
  type: 'test'
  ...
# Subtest: only the judge can append a verdict: the ledger hands its capability out once and the tool face never reaches it
ok 92 - only the judge can append a verdict: the ledger hands its capability out once and the tool face never reaches it
  ---
  duration_ms: 147.144292
  type: 'test'
  ...
# Subtest: one invocation of /hima observe --judge runs read, ledger, and judge, and returns the verdict with its cited record
ok 93 - one invocation of /hima observe --judge runs read, ledger, and judge, and returns the verdict with its cited record
  ---
  duration_ms: 188.897625
  type: 'test'
  ...
# Subtest: the hima_observe tool judges the rules it is given, in the same invocation, through the same service
ok 94 - the hima_observe tool judges the rules it is given, in the same invocation, through the same service
  ---
  duration_ms: 165.256541
  type: 'test'
  ...
# Subtest: --judge with no value is a usage error, not a silent pass: it never reads, never runs, and writes nothing
ok 95 - --judge with no value is a usage error, not a silent pass: it never reads, never runs, and writes nothing
  ---
  duration_ms: 164.503333
  type: 'test'
  ...
# Subtest: a malformed --param is a usage error on both /hima judge and /hima observe --judge: nothing is read, nothing is written
ok 96 - a malformed --param is a usage error on both /hima judge and /hima observe --judge: nothing is read, nothing is written
  ---
  duration_ms: 202.390084
  type: 'test'
  ...
# Subtest: a rule that declares no parameter ignores an unrelated --param entirely: same outcome, and boundParameters stays absent
ok 97 - a rule that declares no parameter ignores an unrelated --param entirely: same outcome, and boundParameters stays absent
  ---
  duration_ms: 185.219167
  type: 'test'
  ...
# Subtest: a read outside the permitted roots is refused before any read, and the refusal is recorded
ok 98 - a read outside the permitted roots is refused before any read, and the refusal is recorded
  ---
  duration_ms: 430.606833
  type: 'test'
  ...
# Subtest: a symlink that escapes the permitted roots is refused
ok 99 - a symlink that escapes the permitted roots is refused
  ---
  duration_ms: 150.59175
  type: 'test'
  ...
# Subtest: observing the same file twice into one run appends a second record with a higher sequence and leaves the first unchanged
ok 100 - observing the same file twice into one run appends a second record with a higher sequence and leaves the first unchanged
  ---
  duration_ms: 195.990042
  type: 'test'
  ...
# Subtest: an observe naming a run that does not exist is refused as the caller's mistake, and writes nothing
ok 101 - an observe naming a run that does not exist is refused as the caller's mistake, and writes nothing
  ---
  duration_ms: 129.381833
  type: 'test'
  ...
# Subtest: records survive a host restart and read back unchanged
ok 102 - records survive a host restart and read back unchanged
  ---
  duration_ms: 205.944958
  type: 'test'
  ...
# Subtest: the hima_observe tool is listed for the agent and returns the same observation through the tool runtime
ok 103 - the hima_observe tool is listed for the agent and returns the same observation through the tool runtime
  ---
  duration_ms: 147.583708
  type: 'test'
  ...
# Subtest: the innovus-timing-summary reader emits setup WNS/TNS, density, and an unknown clock period from the real opene902 post-route summary
ok 104 - the innovus-timing-summary reader emits setup WNS/TNS, density, and an unknown clock period from the real opene902 post-route summary
  ---
  duration_ms: 422.939042
  type: 'test'
  ...
# Subtest: the innovus-timing-summary reader emits hold WNS for both scopes from the real opene902 post-route hold summary
ok 105 - the innovus-timing-summary reader emits hold WNS for both scopes from the real opene902 post-route hold summary
  ---
  duration_ms: 162.77025
  type: 'test'
  ...
# Subtest: the innovus-verify-drc reader emits the total violation count from the real opene902 DRC report, via the hima_observe tool
ok 106 - the innovus-verify-drc reader emits the total violation count from the real opene902 DRC report, via the hima_observe tool
  ---
  duration_ms: 150.504708
  type: 'test'
  ...
# Subtest: a truncated Innovus summary, cut before the timing table, yields unknown values with a stated reason, never zero and never a default
ok 107 - a truncated Innovus summary, cut before the timing table, yields unknown values with a stated reason, never zero and never a default
  ---
  duration_ms: 150.535583
  type: 'test'
  ...
# Subtest: a report of the wrong kind is refused by the innovus-timing-summary reader, with no observation recorded
ok 108 - a report of the wrong kind is refused by the innovus-timing-summary reader, with no observation recorded
  ---
  duration_ms: 147.479917
  type: 'test'
  ...
# Subtest: a report of the wrong kind is refused by the innovus-verify-drc reader, with no observation recorded
ok 109 - a report of the wrong kind is refused by the innovus-verify-drc reader, with no observation recorded
  ---
  duration_ms: 151.227958
  type: 'test'
  ...
# Subtest: the two Innovus readers refuse each other's report kind: a real summary is not a DRC report and vice versa
ok 110 - the two Innovus readers refuse each other's report kind: a real summary is not a DRC report and vice versa
  ---
  duration_ms: 203.864583
  type: 'test'
  ...
# Subtest: /hima observe records one observation with provenance in a durable ledger
ok 111 - /hima observe records one observation with provenance in a durable ledger
  ---
  duration_ms: 434.382542
  type: 'test'
  ...
# Subtest: the shipped pack is a folder of plain files whose graph is act, act, judge, explore, with PASS and FAIL into the explore node and one revisit edge back
ok 112 - the shipped pack is a folder of plain files whose graph is act, act, judge, explore, with PASS and FAIL into the explore node and one revisit edge back
  ---
  duration_ms: 9.047292
  type: 'test'
  ...
# Subtest: the chooser the shipped pack names is a YAML file beside the judge rules, and states its rule as data
ok 113 - the chooser the shipped pack names is a YAML file beside the judge rules, and states its rule as data
  ---
  duration_ms: 0.848625
  type: 'test'
  ...
# Subtest: the check on a site that binds every input reports the inputs, the tool, the rules and the reader, with no errors
ok 114 - the check on a site that binds every input reports the inputs, the tool, the rules and the reader, with no errors
  ---
  duration_ms: 354.483708
  type: 'test'
  ...
# pack opene902-timing-probe@1 on site local: fit — 3 of 3 inputs bound, 1 tool, 2 rules, 1 reader, 1 chooser, 1 licence
# inputs:
#   flowRoot = /private/tmp/hima-tests-lWCMBW/hima-home-c30ZvG/standin-flow
#   design = opene902
#   workspaceRoot = /private/tmp/hima-tests-lWCMBW/hima-home-c30ZvG/workspace
# tools:
#   synth (tools/synth.sh): "make" is an allowed wrapper of site local
# rules:
#   setup-wns-all-nonnegative@1: found
#   clock-period-at-most@1: found
# readers:
#   dc-qor-report@1 reads qorReport: found
# choosers:
#   timing-push@1 chooses at next-period: found
# licences:
#   synth holds 1 of "Design-Compiler": site local declares 1
# Subtest: a site that binds only some of the pack's inputs fails the check, naming the input it did not bind
ok 115 - a site that binds only some of the pack's inputs fails the check, naming the input it did not bind
  ---
  duration_ms: 127.181625
  type: 'test'
  ...
# Subtest: a pack whose tool runs a command the site does not allow fails the check, naming the command
ok 116 - a pack whose tool runs a command the site does not allow fails the check, naming the command
  ---
  duration_ms: 123.591917
  type: 'test'
  ...
# Subtest: a pack referencing a rule that does not exist fails the check, naming the rule
ok 117 - a pack referencing a rule that does not exist fails the check, naming the rule
  ---
  duration_ms: 123.195916
  type: 'test'
  ...
# Subtest: a pack naming a reader that does not exist fails the check, naming the reader
ok 118 - a pack naming a reader that does not exist fails the check, naming the reader
  ---
  duration_ms: 125.778375
  type: 'test'
  ...
# Subtest: a pack naming a chooser that does not exist fails the check, naming the chooser
ok 119 - a pack naming a chooser that does not exist fails the check, naming the chooser
  ---
  duration_ms: 123.814917
  type: 'test'
  ...
# Subtest: a pack binding a negative value to the chooser's parameter fails the check, naming the parameter
ok 120 - a pack binding a negative value to the chooser's parameter fails the check, naming the parameter
  ---
  duration_ms: 123.675708
  type: 'test'
  ...
# Subtest: a pack whose explore node binds nothing for the chooser's parameter fails the check, naming the parameter
ok 121 - a pack whose explore node binds nothing for the chooser's parameter fails the check, naming the parameter
  ---
  duration_ms: 127.858375
  type: 'test'
  ...
# Subtest: a pack whose act node takes an argument from a strategy knob its contract does not declare is refused when the pack is loaded, naming the knob
ok 122 - a pack whose act node takes an argument from a strategy knob its contract does not declare is refused when the pack is loaded, naming the knob
  ---
  duration_ms: 148.144
  type: 'test'
  ...
# Subtest: a pack the packs directory does not hold is an error naming what was looked for, not an empty answer
ok 123 - a pack the packs directory does not hold is an error naming what was looked for, not an empty answer
  ---
  duration_ms: 116.167375
  type: 'test'
  ...
# Subtest: preparing a campaign on the local site creates its workspace, copies the flow into it, and records what it prepared
ok 124 - preparing a campaign on the local site creates its workspace, copies the flow into it, and records what it prepared
  ---
  duration_ms: 172.602208
  type: 'test'
  ...
# Subtest: preparing the same campaign twice copies nothing the second time and says so
ok 125 - preparing the same campaign twice copies nothing the second time and says so
  ---
  duration_ms: 231.714917
  type: 'test'
  ...
# Subtest: a workspace that is there but carries no workspace.json is not prepared over the top of
ok 126 - a workspace that is there but carries no workspace.json is not prepared over the top of
  ---
  duration_ms: 127.586334
  type: 'test'
  ...
# Subtest: a workspace prepared for another design is not reused for this one: it says whose it is and prepares nothing
ok 127 - a workspace prepared for another design is not reused for this one: it says whose it is and prepares nothing
  ---
  duration_ms: 202.398166
  type: 'test'
  ...
# Subtest: a workspace prepared from a shorter copy list than the pack now declares is not reused: it names the piece that is missing and copies nothing
ok 128 - a workspace prepared from a shorter copy list than the pack now declares is not reused: it names the piece that is missing and copies nothing
  ---
  duration_ms: 198.543542
  type: 'test'
  ...
# Subtest: a dangling symlink where the workspace goes is refused: a write would follow it wherever it points
ok 129 - a dangling symlink where the workspace goes is refused: a write would follow it wherever it points
  ---
  duration_ms: 158.441125
  type: 'test'
  ...
# Subtest: a workspace.json that cannot be read as one is an answer, not a crash
ok 130 - a workspace.json that cannot be read as one is an answer, not a crash
  ---
  duration_ms: 163.972375
  type: 'test'
  ...
# Subtest: a campaign whose workspace root is outside the permit's write roots is refused before anything is created
ok 131 - a campaign whose workspace root is outside the permit's write roots is refused before anything is created
  ---
  duration_ms: 152.842625
  type: 'test'
  ...
# Subtest: the channel admits exactly the verbs workspace preparation runs, and they are nobody else's
ok 132 - the channel admits exactly the verbs workspace preparation runs, and they are nobody else's
  ---
  duration_ms: 0.147875
  type: 'test'
  ...
# Subtest: /hima observe refuses a site file whose name is not the name asked for, naming both, and opens no run
ok 133 - /hima observe refuses a site file whose name is not the name asked for, naming both, and opens no run
  ---
  duration_ms: 357.538959
  type: 'test'
  ...
# Subtest: /hima job launch refuses a site file whose name is not the name asked for, naming both, and sends nothing to the Site
ok 134 - /hima job launch refuses a site file whose name is not the name asked for, naming both, and sends nothing to the Site
  ---
  duration_ms: 115.718541
  type: 'test'
  ...
# Subtest: /hima observe LOCAL is refused: the mismatch wording when the file resolved on a case-insensitive filesystem, the plain unknown-site wording when it did not
ok 135 - /hima observe LOCAL is refused: the mismatch wording when the file resolved on a case-insensitive filesystem, the plain unknown-site wording when it did not
  ---
  duration_ms: 110.962917
  type: 'test'
  ...
# Subtest: the committed reference site and permit record what the site owner agreed to
ok 136 - the committed reference site and permit record what the site owner agreed to
  ---
  duration_ms: 12.905542
  type: 'test'
  ...
# Subtest: a site file with a destination shaped like an ssh option is refused before any connection is attempted
ok 137 - a site file with a destination shaped like an ssh option is refused before any connection is attempted
  ---
  duration_ms: 5.014167
  type: 'test'
  ...
# Subtest: a jumps entry containing a comma is refused: it would smuggle an extra hop into -J
ok 138 - a jumps entry containing a comma is refused: it would smuggle an extra hop into -J
  ---
  duration_ms: 3.615917
  type: 'test'
  ...
# Subtest: HimaChannel admits exactly the read-only probes it runs, and nothing more
ok 139 - HimaChannel admits exactly the read-only probes it runs, and nothing more
  ---
  duration_ms: 0.225958
  type: 'test'
  ...
# Subtest: two sites that differ only in how long the connection is kept warm get their own control socket
ok 140 - two sites that differ only in how long the connection is kept warm get their own control socket
  ---
  duration_ms: 4.123791
  type: 'test'
  ...
# Subtest: local selection loads only local files; listing and inventory checking load none
ok 141 - local selection loads only local files; listing and inventory checking load none
  ---
  duration_ms: 232.615792
  type: 'test'
  ...
# Subtest: unclassified, missing and duplicate files stop the entry before any test loads
ok 142 - unclassified, missing and duplicate files stop the entry before any test loads
  ---
  duration_ms: 71.884541
  type: 'test'
  ...
# Subtest: a swallowed SSH start attempt still fails the local entry without starting SSH
ok 143 - a swallowed SSH start attempt still fails the local entry without starting SSH
  ---
  duration_ms: 82.122667
  type: 'test'
  ...
# Subtest: an explicit subset runs only named files in its group and rejects empty or foreign selections
ok 144 - an explicit subset runs only named files in its group and rejects empty or foreign selections
  ---
  duration_ms: 146.368292
  type: 'test'
  ...
# Subtest: the run view carries the whole path of a run started over HTTP: nodes, jobs, decision, meters, goal and budget
ok 145 - the run view carries the whole path of a run started over HTTP: nodes, jobs, decision, meters, goal and budget
  ---
  duration_ms: 3173.01275
  type: 'test'
  ...
# run run-1e3be373-804e-421b-b3a9-60e4ea2262b5
#   synthesize: done
#   read-qor: done
#   judge: done
#   next-period: done
# Subtest: over HTTP a person resumes a blocked run and cancels the job it launched: the blocker, the request, the observed stop, and a 409 on a run whose status cannot take either
ok 146 - over HTTP a person resumes a blocked run and cancels the job it launched: the blocker, the request, the observed stop, and a 409 on a run whose status cannot take either
  ---
  duration_ms: 3572.49025
  type: 'test'
  ...
# Subtest: a run HimaFabric never started cannot be cancelled, and says so with 409 hima/run-not-in-state
ok 147 - a run HimaFabric never started cannot be cancelled, and says so with 409 hima/run-not-in-state
  ---
  duration_ms: 1646.148584
  type: 'test'
  ...
# Subtest: every route the workbench uses, and the workbench page itself, sit behind the web app's own session cookie
ok 148 - every route the workbench uses, and the workbench page itself, sit behind the web app's own session cookie
  ---
  duration_ms: 1619.402833
  type: 'test'
  ...
# Subtest: the served HimaGuide bundle claims the tool-view key of both Hima tools and carries the rendering of every run status and node state
ok 149 - the served HimaGuide bundle claims the tool-view key of both Hima tools and carries the rendering of every run status and node state
  ---
  duration_ms: 1623.228125
  type: 'test'
  ...
# Subtest: the Hima namespace answers a run round-trip over HTTP: observe, judge, and every citation resolved to the observation it was read from
ok 150 - the Hima namespace answers a run round-trip over HTTP: observe, judge, and every citation resolved to the observation it was read from
  ---
  duration_ms: 1719.892833
  type: 'test'
  ...
# Subtest: a refused read is reported as a refusal in the run view, never as an empty pass
ok 151 - a refused read is reported as a refusal in the run view, never as an empty pass
  ---
  duration_ms: 1641.595042
  type: 'test'
  ...
# Subtest: a remote error reaches the caller as a coded JSON error, never as an empty answer
ok 152 - a remote error reaches the caller as a coded JSON error, never as an empty answer
  ---
  duration_ms: 1666.181459
  type: 'test'
  ...
# Subtest: a fault that is not the caller's doing — a misconfigured site the caller could not have known about — reaches them as 500 hima/internal, never relabelled as their mistake
ok 153 - a fault that is not the caller's doing — a misconfigured site the caller could not have known about — reaches them as 500 hima/internal, never relabelled as their mistake
  ---
  duration_ms: 1615.537375
  type: 'test'
  ...
# Subtest: every /hima/api route sits behind the web app's own session cookie
ok 154 - every /hima/api route sits behind the web app's own session cookie
  ---
  duration_ms: 1625.977333
  type: 'test'
  ...
# Subtest: the Hima browser module is in the served boot graph and its bundle is served as a client-module envelope
ok 155 - the Hima browser module is in the served boot graph and its bundle is served as a client-module envelope
  ---
  duration_ms: 1610.564666
  type: 'test'
  ...
1..155
# tests 155
# suites 0
# pass 155
# fail 0
# cancelled 0
# skipped 0
# todo 0
# duration_ms 437295.345667
SSH subprocess attempts: 0
local command exit code: 0; elapsed: 437.320 s; pass/fail/skip counts are in the TAP summary above
