$ pnpm run check:node && pnpm run check:seams && pnpm run build && pnpm run typecheck && pnpm run test:local
$ node scripts/require-node.mjs
$ node scripts/check-seams.mjs
seams: every dsh-facing source file declares its seam
$ pnpm -r run build
Scope: 2 of 3 workspace projects
packages/harness build$ tsc -p tsconfig.json && node scripts/build-client.mjs
packages/desktop build$ tsc -p tsconfig.json
packages/desktop build: Done
packages/harness build: client: lib/client.js (63856 bytes)
packages/harness build: Done
$ pnpm -r run typecheck && tsc -p test/tsconfig.json
Scope: 2 of 3 workspace projects
packages/harness typecheck$ tsc -p tsconfig.json --noEmit && tsc -p tsconfig.client.json
packages/desktop typecheck$ tsc -p tsconfig.json --noEmit
packages/desktop typecheck: Done
packages/harness typecheck: Done
$ node scripts/run-contract-tests.mjs local
local: 20 selected; 0 unselected in local; other groups not run (not passes)
TAP version 13
# (node:45189) [TAG_RESOLVE_FAILED] YAMLWarning: Unresolved tag: tag:yaml.org,2002:js at line 66, column 11:
#     root: !!js dshHomePath('sessions')
#           ^^^^
# (Use `node --trace-warnings ...` to show where the warning was created)
# (node:45189) [TAG_RESOLVE_FAILED] YAMLWarning: Unresolved tag: tag:yaml.org,2002:js at line 81, column 11:
#     root: !!js dshHomePath('storages')
#           ^^^^
# (node:45189) [TAG_RESOLVE_FAILED] YAMLWarning: Unresolved tag: tag:yaml.org,2002:js at line 95, column 11:
#     mode: !!js process.env.DSH_TELEMETRY_MODE || 'FEEDBACK_ONLY'
#           ^^^^
# (node:45189) [TAG_RESOLVE_FAILED] YAMLWarning: Unresolved tag: tag:yaml.org,2002:js at line 98, column 12:
#       url: !!js >-
#            ^^^^
# (node:45189) [TAG_RESOLVE_FAILED] YAMLWarning: Unresolved tag: tag:yaml.org,2002:js at line 117, column 11:
#     mode: !!js process.env.DSH_PERMISSION_MODE ?? 'workspace-write'
#           ^^^^
# (node:45189) [TAG_RESOLVE_FAILED] YAMLWarning: Unresolved tag: tag:yaml.org,2002:js at line 118, column 20:
#     workspaceRoot: !!js process.cwd()
#                    ^^^^
# (node:45189) [TAG_RESOLVE_FAILED] YAMLWarning: Unresolved tag: tag:yaml.org,2002:js at line 121, column 13:
#   disabled: !!js process.platform === 'win32'
#             ^^^^
# (node:45189) [TAG_RESOLVE_FAILED] YAMLWarning: Unresolved tag: tag:yaml.org,2002:js at line 126, column 13:
#   disabled: !!js process.platform !== 'win32'
#             ^^^^
# (node:45189) [TAG_RESOLVE_FAILED] YAMLWarning: Unresolved tag: tag:yaml.org,2002:js at line 130, column 13:
#     policy: !!js >-
#             ^^^^
# (node:45189) [TAG_RESOLVE_FAILED] YAMLWarning: Unresolved tag: tag:yaml.org,2002:js at line 367, column 11:
#     mode: !!js process.env.DSH_TOOLS_MODE
#           ^^^^
# (node:45189) [TAG_RESOLVE_FAILED] YAMLWarning: Unresolved tag: tag:yaml.org,2002:js at line 432, column 11:
#     host: !!js ctx.webStartup.host ?? '127.0.0.1'
#           ^^^^
# (node:45189) [TAG_RESOLVE_FAILED] YAMLWarning: Unresolved tag: tag:yaml.org,2002:js at line 433, column 11:
#     port: !!js ctx.webStartup.port ?? 3080
#           ^^^^
# (node:45189) [TAG_RESOLVE_FAILED] YAMLWarning: Unresolved tag: tag:yaml.org,2002:js at line 442, column 18:
#     openBrowser: !!js ctx.webStartup.openBrowser
#                  ^^^^
# (node:45189) [TAG_RESOLVE_FAILED] YAMLWarning: Unresolved tag: tag:yaml.org,2002:js at line 445, column 19:
#     trustedHosts: !!js ctx.webStartup.trustedHosts
#                   ^^^^
# (node:45189) [TAG_RESOLVE_FAILED] YAMLWarning: Unresolved tag: tag:yaml.org,2002:js at line 455, column 19:
#     trustedHosts: !!js ctx.webRuntime.trustedHosts
#                   ^^^^
# (node:45189) [TAG_RESOLVE_FAILED] YAMLWarning: Unresolved tag: tag:yaml.org,2002:js at line 551, column 15:
#     sitesDir: !!js dshHomePath('hima/sites')
#               ^^^^
# (node:45189) [TAG_RESOLVE_FAILED] YAMLWarning: Unresolved tag: tag:yaml.org,2002:js at line 552, column 15:
#     packsDir: !!js dshHomePath('hima/packs')
#               ^^^^
# Subtest: the hima profile composes dsh-base, the Hima bundle, and the privacy overlay
ok 1 - the hima profile composes dsh-base, the Hima bundle, and the privacy overlay
  ---
  duration_ms: 164.44375
  type: 'test'
  ...
# Subtest: the hima profile boots as a real host, serves the web app, and stops cleanly on SIGTERM
ok 2 - the hima profile boots as a real host, serves the web app, and stops cleanly on SIGTERM
  ---
  duration_ms: 4689.062042
  type: 'test'
  ...
# Subtest: /hima version answers with the bundle and host versions, without a model turn
ok 3 - /hima version answers with the bundle and host versions, without a model turn
  ---
  duration_ms: 1126.254
  type: 'test'
  ...
# Subtest: the dc-qor-report reader emits setup WNS, TNS, clock period, hold WNS, and cell area from the real opene902 qor report, with its declaration recorded
ok 4 - the dc-qor-report reader emits setup WNS, TNS, clock period, hold WNS, and cell area from the real opene902 qor report, with its declaration recorded
  ---
  duration_ms: 1240.279125
  type: 'test'
  ...
# Subtest: the same real report with a hold violation in it reads as a negative hold slack and FAILs the very rule the unviolated one passes
ok 5 - the same real report with a hold violation in it reads as a negative hold slack and FAILs the very rule the unviolated one passes
  ---
  duration_ms: 404.035125
  type: 'test'
  ...
# Subtest: a qor report truncated before its first path group yields unknown values with a stated reason for each, never a default
ok 6 - a qor report truncated before its first path group yields unknown values with a stated reason for each, never a default
  ---
  duration_ms: 327.176875
  type: 'test'
  ...
# Subtest: a qor report missing one line inside its one path group leaves only that value unknown; the rest still read
ok 7 - a qor report missing one line inside its one path group leaves only that value unknown; the rest still read
  ---
  duration_ms: 305.003167
  type: 'test'
  ...
# Subtest: the real report with a Design Compiler built-in group added that has the worse slack: the clock period is still the clock group's, the setup WNS is the built-in's, and each names the group it came from
ok 8 - the real report with a Design Compiler built-in group added that has the worse slack: the clock period is still the clock group's, the setup WNS is the built-in's, and each names the group it came from
  ---
  duration_ms: 303.451208
  type: 'test'
  ...
# Subtest: a qor report whose only path groups are Design Compiler built-ins: the clock period is unknown with a reason naming the groups found, and setup WNS is still the worst of them
ok 9 - a qor report whose only path groups are Design Compiler built-ins: the clock period is unknown with a reason naming the groups found, and setup WNS is still the worst of them
  ---
  duration_ms: 286.753416
  type: 'test'
  ...
# Subtest: two clock path groups: setup WNS is the minimum slack naming its group, setup TNS sums every group, hold WNS is the worst violation as a slack, and the clock period is unknown because two clocks are stated
ok 10 - two clock path groups: setup WNS is the minimum slack naming its group, setup TNS sums every group, hold WNS is the worst violation as a slack, and the clock period is unknown because two clocks are stated
  ---
  duration_ms: 299.583541
  type: 'test'
  ...
# Subtest: multiple path groups, one missing its Critical Path Slack line: setup WNS goes unknown naming that group, while TNS and hold WNS (whose lines are complete) still read
ok 11 - multiple path groups, one missing its Critical Path Slack line: setup WNS goes unknown naming that group, while TNS and hold WNS (whose lines are complete) still read
  ---
  duration_ms: 260.802625
  type: 'test'
  ...
# Subtest: the dc-qor-report reader accepts a gzip-compressed report transparently, as the Innovus readers do
ok 12 - the dc-qor-report reader accepts a gzip-compressed report transparently, as the Innovus readers do
  ---
  duration_ms: 328.230291
  type: 'test'
  ...
# Subtest: a report of the wrong kind is refused by the dc-qor-report reader, with no observation recorded
ok 13 - a report of the wrong kind is refused by the dc-qor-report reader, with no observation recorded
  ---
  duration_ms: 290.497542
  type: 'test'
  ...
# Subtest: the acceptance command: /hima observe --reader dc-qor-report --judge clock-period-at-most --param target_period_ns=<ns>, FAIL at a tighter target, PASS at a looser one
ok 14 - the acceptance command: /hima observe --reader dc-qor-report --judge clock-period-at-most --param target_period_ns=<ns>, FAIL at a tighter target, PASS at a looser one
  ---
  duration_ms: 456.181125
  type: 'test'
  ...
# Subtest: the hima_observe tool binds --param the same way: judging clock-period-at-most with params target_period_ns yields the same outcome
ok 15 - the hima_observe tool binds --param the same way: judging clock-period-at-most with params target_period_ns yields the same outcome
  ---
  duration_ms: 296.111375
  type: 'test'
  ...
# Subtest: the hima_observe tool rejects a non-numeric params value with an error result naming the parameter, writing no observation and no verdict
ok 16 - the hima_observe tool rejects a non-numeric params value with an error result naming the parameter, writing no observation and no verdict
  ---
  duration_ms: 257.243334
  type: 'test'
  ...
# Subtest: POST /hima/api/observe binds params the same way: the run view shows the same outcome the command and the tool give
ok 17 - POST /hima/api/observe binds params the same way: the run view shows the same outcome the command and the tool give
  ---
  duration_ms: 3517.939708
  type: 'test'
  ...
# Subtest: a licence bounds a launch the way the job cap does: a second run waits for the one seat the site declares, on a site with a free job slot
ok 18 - a licence bounds a launch the way the job cap does: a second run waits for the one seat the site declares, on a site with a free job slot
  ---
  duration_ms: 20407.5075
  type: 'test'
  ...
# the queued run waited: site local declares 1 licence of "synopsys" and is holding 1, and this launch needs 1; this node waits for a slot
# the seat was released at 2026-09-11T09:26:38.518Z and the queued run launched at 2026-09-11T09:26:38.583Z
# run run-07e5cdd7-f614-44c8-9b2a-48ff4ecc2e1c held synopsys for 6594 ms of 8733 ms elapsed
# run run-33ab4eec-4e8f-4b87-a6cf-7b5c963abe3c held synopsys for 8230 ms of 13377 ms elapsed
# Subtest: a pack whose tool holds a licence the site does not declare is unfit, and the run is refused before anything is launched
ok 19 - a pack whose tool holds a licence the site does not declare is unfit, and the run is refused before anything is launched
  ---
  duration_ms: 1272.201791
  type: 'test'
  ...
# pack wants-synopsys@2 on site local: unfit — 1 error; 3 of 3 inputs bound, 1 tool, 2 rules, 1 reader, 1 chooser, 1 licence
# inputs:
#   flowRoot = /private/tmp/hima-tests-F2eBR1/hima-home-vfaAPN/standin-flow
#   design = opene902
#   workspaceRoot = /private/tmp/hima-tests-F2eBR1/hima-home-vfaAPN/workspace
# tools:
#   synth (tools/synth.sh): "make" is an allowed wrapper of site local
# rules:
#   setup-wns-all-nonnegative@1: found
#   clock-period-at-most@1: found
# readers:
#   dc-qor-report@1 reads qorReport: found
# choosers:
#   over-constraining-push@1 chooses at next-period: found
# licences:
#   synth holds 1 of "synopsys": site local does not declare it; add it under capacity.licences: in /private/tmp/hima-tests-F2eBR1/hima-home-vfaAPN/hima/sites/local.yml
# errors:
#   - tool "synth" holds 1 of "synopsys": site local does not declare it; add it under capacity.licences: in /private/tmp/hima-tests-F2eBR1/hima-home-vfaAPN/hima/sites/local.yml
# pack wants-synopsys@2 on site local: unfit — 1 error; 3 of 3 inputs bound, 1 tool, 2 rules, 1 reader, 1 chooser, 1 licence
# inputs:
#   flowRoot = /private/tmp/hima-tests-F2eBR1/hima-home-vfaAPN/standin-flow
#   design = opene902
#   workspaceRoot = /private/tmp/hima-tests-F2eBR1/hima-home-vfaAPN/workspace
# tools:
#   synth (tools/synth.sh): "make" is an allowed wrapper of site local
# rules:
#   setup-wns-all-nonnegative@1: found
#   clock-period-at-most@1: found
# readers:
#   dc-qor-report@1 reads qorReport: found
# choosers:
#   over-constraining-push@1 chooses at next-period: found
# licences:
#   synth holds 1 of "synopsys": site local does not declare it; add it under capacity.licences: in /private/tmp/hima-tests-F2eBR1/hima-home-vfaAPN/hima/sites/local.yml
# errors:
#   - tool "synth" holds 1 of "synopsys": site local does not declare it; add it under capacity.licences: in /private/tmp/hima-tests-F2eBR1/hima-home-vfaAPN/hima/sites/local.yml
# Subtest: a site that declares none of a licence can never host a tool that holds it, and says so rather than letting a run wait for ever
ok 20 - a site that declares none of a licence can never host a tool that holds it, and says so rather than letting a run wait for ever
  ---
  duration_ms: 286.89
  type: 'test'
  ...
# pack reserves-none@2 on site local: unfit — 1 error; 3 of 3 inputs bound, 1 tool, 2 rules, 1 reader, 1 chooser, 1 licence
# inputs:
#   flowRoot = /private/tmp/hima-tests-F2eBR1/hima-home-0IWP3z/standin-flow
#   design = opene902
#   workspaceRoot = /private/tmp/hima-tests-F2eBR1/hima-home-0IWP3z/workspace
# tools:
#   synth (tools/synth.sh): "make" is an allowed wrapper of site local
# rules:
#   setup-wns-all-nonnegative@1: found
#   clock-period-at-most@1: found
# readers:
#   dc-qor-report@1 reads qorReport: found
# choosers:
#   over-constraining-push@1 chooses at next-period: found
# licences:
#   synth holds 1 of "synopsys": site local declares 0 of it, so a job of this tool could never launch there
# errors:
#   - tool "synth" holds 1 of "synopsys": site local declares 0 of it, so a job of this tool could never launch there
# Subtest: the shipped pack declares the seat its Design Compiler tool holds, and the local site declares one to give it
ok 21 - the shipped pack declares the seat its Design Compiler tool holds, and the local site declares one to give it
  ---
  duration_ms: 4084.878542
  type: 'test'
  ...
# pack opene902-timing-probe@2 on site local: fit — 3 of 3 inputs bound, 1 tool, 2 rules, 1 reader, 1 chooser, 1 licence
# inputs:
#   flowRoot = /private/tmp/hima-tests-F2eBR1/hima-home-pdAANa/standin-flow
#   design = opene902
#   workspaceRoot = /private/tmp/hima-tests-F2eBR1/hima-home-pdAANa/workspace
# tools:
#   synth (tools/synth.sh): "make" is an allowed wrapper of site local
# rules:
#   setup-wns-all-nonnegative@1: found
#   clock-period-at-most@1: found
# readers:
#   dc-qor-report@1 reads qorReport: found
# choosers:
#   over-constraining-push@1 chooses at next-period: found
# licences:
#   synth holds 1 of "Design-Compiler": site local declares 1
# run run-7088b6ca-9a97-4e03-a826-684f5b5efe2d of campaign opene902-timing-probe-20260911-092649-51f5 on site local: ended-budget-exhausted, generation 1 of at most 1
#   workspace: /private/tmp/hima-tests-F2eBR1/hima-home-pdAANa/workspace/opene902-timing-probe-20260911-092649-51f5
#   goal: clock period at most 2 ns
#   strategy: clock period 2 ns
#   budget: time box 60 min, retry allowance 3, at most 1 generation, job cap 1, licences Design-Compiler 1
#   current node: next-period
#   meters:
#     elapsed 3.7 s of a time box of 60.0 min
#     generation 1 of at most 1, 3.6 s
#     1 job launched, at most 1 job at a time
#     next-period: attempt 1 of a retry allowance of 3, and 4 attempts in the campaign so far
#     Design-Compiler 0 seats of 1 declared, held for 3.2 s
#     ended by the generation limit
#   nodes:
#     synthesize (act): done, attempt 1, session hima-7088b6ca-synthesize-6a954c holding Design-Compiler 1
#     read-qor (act): done, attempt 1
#     judge (judge): done, attempt 1, FAIL
#     next-period (explore): done, attempt 1
#   decision: next-period chose clock period 2.15 ns by over-constraining-push, citing run-7088b6ca-9a97-4e03-a826-684f5b5efe2d\#000010, run-7088b6ca-9a97-4e03-a826-684f5b5efe2d\#000011, run-7088b6ca-9a97-4e03-a826-684f5b5efe2d\#000007, from period 2, slack -0.2, stepNs 0.05
#   experience: written at 2026-09-11T09:26:53.312Z
#     markdown: /private/tmp/hima-tests-F2eBR1/hima-home-pdAANa/workspace/opene902-timing-probe-20260911-092649-51f5/hima-experience/run-7088b6ca-9a97-4e03-a826-684f5b5efe2d.md · sha256 1c942b10ee2357209cec91485e7dfb0da8fbd66c1bc9e3cc6a1e61638f69d713 · 1661 bytes
#     json: /private/tmp/hima-tests-F2eBR1/hima-home-pdAANa/workspace/opene902-timing-probe-20260911-092649-51f5/hima-experience/run-7088b6ca-9a97-4e03-a826-684f5b5efe2d.json · sha256 d0282a796ee8a93e2b0c15305a2f1b0055d062a99b6c64e36d7b14c44d38db55 · 2319 bytes
# Subtest: a host disposed while the job sleeps is replaced by one that finds the same job still running and carries the run to its end, launching nothing twice
ok 22 - a host disposed while the job sleeps is replaced by one that finds the same job still running and carries the run to its end, launching nothing twice
  ---
  duration_ms: 22494.307792
  type: 'test'
  ...
# run run-ea18127d-d053-4301-a469-1bc5c19db9d6 of campaign opene902-timing-probe-20260911-092654-56c5 on site local: ended-budget-exhausted, generation 1 of at most 1
#   workspace: /private/tmp/hima-tests-F2eBR1/hima-home-M9db0f/workspace/opene902-timing-probe-20260911-092654-56c5
#   goal: clock period at most 2 ns
#   strategy: clock period 2 ns
#   budget: time box 60 min, retry allowance 3, at most 1 generation, job cap 1, licences Design-Compiler 1
#   current node: next-period
#   meters:
#     elapsed 21.7 s of a time box of 60.0 min
#     generation 1 of at most 1, 21.6 s
#     1 job launched, at most 1 job at a time
#     next-period: attempt 1 of a retry allowance of 3, and 4 attempts in the campaign so far
#     Design-Compiler 0 seats of 1 declared, held for 21.2 s
#     ended by the generation limit
#   nodes:
#     synthesize (act): done, attempt 1, session hima-ea18127d-synthesize-900d51 holding Design-Compiler 1
#     read-qor (act): done, attempt 1
#     judge (judge): done, attempt 1, FAIL
#     next-period (explore): done, attempt 1
#   decision: next-period chose clock period 2.15 ns by over-constraining-push, citing run-ea18127d-d053-4301-a469-1bc5c19db9d6\#000011, run-ea18127d-d053-4301-a469-1bc5c19db9d6\#000012, run-ea18127d-d053-4301-a469-1bc5c19db9d6\#000008, from period 2, slack -0.2, stepNs 0.05
#   experience: written at 2026-09-11T09:27:16.064Z
#     markdown: /private/tmp/hima-tests-F2eBR1/hima-home-M9db0f/workspace/opene902-timing-probe-20260911-092654-56c5/hima-experience/run-ea18127d-d053-4301-a469-1bc5c19db9d6.md · sha256 3deef7edc1e428f2d6fcd4e645a94de23fa760d0faef9f1f035ba8990532baa7 · 1666 bytes
#     json: /private/tmp/hima-tests-F2eBR1/hima-home-M9db0f/workspace/opene902-timing-probe-20260911-092654-56c5/hima-experience/run-ea18127d-d053-4301-a469-1bc5c19db9d6.json · sha256 f401317b1f42687218777ba47b39445b970cf861eaa967f577bf64cfeb749334 · 2323 bytes
# Subtest: a job that finished while the host was down is picked up from its exit file, and the run continues from there
ok 23 - a job that finished while the host was down is picked up from its exit file, and the run continues from there
  ---
  duration_ms: 6925.5275
  type: 'test'
  ...
# Subtest: a job gone without an exit file is a failed attempt: the node is recorded as gone and the run waits, naming it
ok 24 - a job gone without an exit file is a failed attempt: the node is recorded as gone and the run waits, naming it
  ---
  duration_ms: 989.039
  type: 'test'
  ...
# run run-53583d85-78d8-4660-b178-1dcd5692c07c of campaign opene902-timing-probe-20260911-092723-e042 on site local: waiting, generation 1 of at most 1
#   workspace: /private/tmp/hima-tests-F2eBR1/hima-home-fstPXP/workspace/opene902-timing-probe-20260911-092723-e042
#   goal: clock period at most 2 ns
#   strategy: clock period 2 ns
#   budget: time box 60 min, retry allowance 1, at most 1 generation, job cap 1, licences Design-Compiler 1
#   current node: blocked
#   meters:
#     elapsed 828 ms of a time box of 60.0 min
#     generation 1 of at most 1, 755 ms
#     1 job launched, at most 1 job at a time
#     synthesize: attempt 1 of a retry allowance of 1, and 2 attempts in the campaign so far
#     Design-Compiler 1 seat of 1 declared, held for 683 ms
#   nodes:
#     synthesize (act): blocked, attempt 1, session hima-53583d85-synthesize-79272a holding Design-Compiler 1, job "synthesize" is gone: tmux session hima-53583d85-synthesize-79272a has ended and it wrote no exit status; node synthesize has now failed 1 time and spent its retry allowance of 1
#     blocked (wait): blocked, attempt 1, this pack routes a hard-blocker here; the Run waits for a person to clear it
#   blocker: synthesize after 1 attempt, 1 line of log on record run-53583d85-78d8-4660-b178-1dcd5692c07c\#000005: job "synthesize" is gone: tmux session hima-53583d85-synthesize-79272a has ended and it wrote no exit status; node synthesize has now failed 1 time and spent its retry allowance of 1
# Subtest: a host booting onto a job that vanished retries it under the default allowance: a second attempt, and never two jobs on the site at once
ok 25 - a host booting onto a job that vanished retries it under the default allowance: a second attempt, and never two jobs on the site at once
  ---
  duration_ms: 21575.806042
  type: 'test'
  ...
# run run-04c6899c-1f25-459c-afb5-d44d2b19ce52 of campaign opene902-timing-probe-20260911-092724-021d on site local: ended-budget-exhausted, generation 1 of at most 1
#   workspace: /private/tmp/hima-tests-F2eBR1/hima-home-nAgXaS/workspace/opene902-timing-probe-20260911-092724-021d
#   goal: clock period at most 2 ns
#   strategy: clock period 2 ns
#   budget: time box 3 min, retry allowance 3, at most 1 generation, job cap 1, licences Design-Compiler 1
#   current node: next-period
#   meters:
#     elapsed 21.4 s of a time box of 3.0 min
#     generation 1 of at most 1, 21.3 s
#     2 jobs launched, at most 1 job at a time
#     next-period: attempt 1 of a retry allowance of 3, and 5 attempts in the campaign so far
#     Design-Compiler 1 seat of 1 declared, held for 21.0 s
#     ended by the generation limit
#   nodes:
#     synthesize (act): done, attempt 2, session hima-04c6899c-synthesize-573a52 holding Design-Compiler 1
#     read-qor (act): done, attempt 1
#     judge (judge): done, attempt 1, FAIL
#     next-period (explore): done, attempt 1
#   decision: next-period chose clock period 2.15 ns by over-constraining-push, citing run-04c6899c-1f25-459c-afb5-d44d2b19ce52\#000014, run-04c6899c-1f25-459c-afb5-d44d2b19ce52\#000015, run-04c6899c-1f25-459c-afb5-d44d2b19ce52\#000011, from period 2, slack -0.2, stepNs 0.05
#   experience: written at 2026-09-11T09:27:45.542Z
#     markdown: /private/tmp/hima-tests-F2eBR1/hima-home-nAgXaS/workspace/opene902-timing-probe-20260911-092724-021d/hima-experience/run-04c6899c-1f25-459c-afb5-d44d2b19ce52.md · sha256 84ce95c70bc43c54d97297c64cf684b62ddb3f1a40e5e9f746b114c1892041a0 · 1665 bytes
#     json: /private/tmp/hima-tests-F2eBR1/hima-home-nAgXaS/workspace/opene902-timing-probe-20260911-092724-021d/hima-experience/run-04c6899c-1f25-459c-afb5-d44d2b19ce52.json · sha256 9517e3826674723c65e510b35037bad88ebc23c296b42b52cc07771155b10dbd · 2322 bytes
# Subtest: a run cancelled while the reconciliation is carrying an earlier one on keeps the ending a person gave it
ok 26 - a run cancelled while the reconciliation is carrying an earlier one on keeps the ending a person gave it
  ---
  duration_ms: 21791.391875
  type: 'test'
  ...
# cancelled run run-7f7d9e87-23e8-4db9-8ead-deb13e554d62: stopped its job "synthesize" in tmux session hima-7f7d9e87-synthesize-2797fa, recorded as run-7f7d9e87-23e8-4db9-8ead-deb13e554d62\#000005
# run run-7f7d9e87-23e8-4db9-8ead-deb13e554d62 of campaign opene902-timing-probe-20260911-092746-e7dc on site local: cancelled, generation 1 of at most 1
#   workspace: /private/tmp/hima-tests-F2eBR1/hima-home-HB9zdL/workspace/opene902-timing-probe-20260911-092746-e7dc
#   goal: clock period at most 2.1 ns
#   strategy: clock period 2.1 ns
#   budget: time box 60 min, retry allowance 3, at most 1 generation, job cap 2, licences Design-Compiler 2
#   current node: synthesize
#   meters:
#     elapsed 1.0 s of a time box of 60.0 min
#     generation 1 of at most 1, 911 ms
#     1 job launched, at most 2 jobs at a time
#     synthesize: attempt 1 of a retry allowance of 3, and 1 attempt in the campaign so far
#     Design-Compiler 0 seats of 2 declared, held for 828 ms
#     ended by a person's cancel
#   nodes:
#     synthesize (act): cancelled, attempt 1, session hima-7f7d9e87-synthesize-2797fa holding Design-Compiler 1
#   cancel: asked at 2026-09-11T09:27:46.975Z, node synthesize, session hima-7f7d9e87-synthesize-2797fa; hima-7f7d9e87-synthesize-2797fa stopped, recorded as run-7f7d9e87-23e8-4db9-8ead-deb13e554d62\#000005
#   experience: written at 2026-09-11T09:27:47.052Z
#     markdown: /private/tmp/hima-tests-F2eBR1/hima-home-HB9zdL/workspace/opene902-timing-probe-20260911-092746-e7dc/hima-experience/run-7f7d9e87-23e8-4db9-8ead-deb13e554d62.md · sha256 c277a3947768c802b337e43846dc720463e3cf55e18052eb2b7f2ef56972e99e · 1575 bytes
#     json: /private/tmp/hima-tests-F2eBR1/hima-home-HB9zdL/workspace/opene902-timing-probe-20260911-092746-e7dc/hima-experience/run-7f7d9e87-23e8-4db9-8ead-deb13e554d62.json · sha256 12b666b24969dc7e88c1cf4afe74ec10486a6e662e329ed4b7aa4fe4268cb4dd · 1645 bytes
# run-403bcf05-193b-4c79-b6c5-536cd5c465e4: running — job "synthesize" in tmux session hima-403bcf05-synthesize-8734b9 is still running; this run waits for it again
# run-7f7d9e87-23e8-4db9-8ead-deb13e554d62: stopped-elsewhere — this run no longer says it is running; the run was stopped from another face while it was being picked up, so nothing was written
# Subtest: /hima cancel stops the sleeping job on the site, records the request and the observed stop, and ends the run cancelled
ok 27 - /hima cancel stops the sleeping job on the site, records the request and the observed stop, and ends the run cancelled
  ---
  duration_ms: 939.674875
  type: 'test'
  ...
# cancelled run run-b92cd09f-7abb-4e12-b470-ec73c1c77523: stopped its job "synthesize" in tmux session hima-b92cd09f-synthesize-00980f, recorded as run-b92cd09f-7abb-4e12-b470-ec73c1c77523\#000005
# run run-b92cd09f-7abb-4e12-b470-ec73c1c77523 of campaign opene902-timing-probe-20260911-092807-31c9 on site local: cancelled, generation 1 of at most 1
#   workspace: /private/tmp/hima-tests-F2eBR1/hima-home-8oVpm4/workspace/opene902-timing-probe-20260911-092807-31c9
#   goal: clock period at most 2 ns
#   strategy: clock period 2 ns
#   budget: time box 60 min, retry allowance 3, at most 1 generation, job cap 1, licences Design-Compiler 1
#   current node: synthesize
#   meters:
#     elapsed 277 ms of a time box of 60.0 min
#     generation 1 of at most 1, 192 ms
#     1 job launched, at most 1 job at a time
#     synthesize: attempt 1 of a retry allowance of 3, and 1 attempt in the campaign so far
#     Design-Compiler 0 seats of 1 declared, held for 126 ms
#     ended by a person's cancel
#   nodes:
#     synthesize (act): cancelled, attempt 1, session hima-b92cd09f-synthesize-00980f holding Design-Compiler 1
#   cancel: asked at 2026-09-11T09:28:07.820Z, node synthesize, session hima-b92cd09f-synthesize-00980f; hima-b92cd09f-synthesize-00980f stopped, recorded as run-b92cd09f-7abb-4e12-b470-ec73c1c77523\#000005
#   experience: written at 2026-09-11T09:28:07.893Z
#     markdown: /private/tmp/hima-tests-F2eBR1/hima-home-8oVpm4/workspace/opene902-timing-probe-20260911-092807-31c9/hima-experience/run-b92cd09f-7abb-4e12-b470-ec73c1c77523.md · sha256 1c509c2dfb634fb4d056cf06368bb58a796cfc7f213edde4ff819ff34dc3d319 · 1569 bytes
#     json: /private/tmp/hima-tests-F2eBR1/hima-home-8oVpm4/workspace/opene902-timing-probe-20260911-092807-31c9/hima-experience/run-b92cd09f-7abb-4e12-b470-ec73c1c77523.json · sha256 f6c5aeb1221ff65f63f251d19fb74caaa794d76182f481419d191fcaa5784b54 · 1640 bytes
# run run-b92cd09f-7abb-4e12-b470-ec73c1c77523 of campaign opene902-timing-probe-20260911-092807-31c9 on site local: cancelled, generation 1 of at most 1
#   workspace: /private/tmp/hima-tests-F2eBR1/hima-home-8oVpm4/workspace/opene902-timing-probe-20260911-092807-31c9
#   goal: clock period at most 2 ns
#   strategy: clock period 2 ns
#   budget: time box 60 min, retry allowance 3, at most 1 generation, job cap 1, licences Design-Compiler 1
#   current node: synthesize
#   meters:
#     elapsed 277 ms of a time box of 60.0 min
#     generation 1 of at most 1, 192 ms
#     1 job launched, at most 1 job at a time
#     synthesize: attempt 1 of a retry allowance of 3, and 1 attempt in the campaign so far
#     Design-Compiler 0 seats of 1 declared, held for 126 ms
#     ended by a person's cancel
#   nodes:
#     synthesize (act): cancelled, attempt 1, session hima-b92cd09f-synthesize-00980f holding Design-Compiler 1
#   cancel: asked at 2026-09-11T09:28:07.820Z, node synthesize, session hima-b92cd09f-synthesize-00980f; hima-b92cd09f-synthesize-00980f stopped, recorded as run-b92cd09f-7abb-4e12-b470-ec73c1c77523\#000005
#   experience: written at 2026-09-11T09:28:07.893Z
#     markdown: /private/tmp/hima-tests-F2eBR1/hima-home-8oVpm4/workspace/opene902-timing-probe-20260911-092807-31c9/hima-experience/run-b92cd09f-7abb-4e12-b470-ec73c1c77523.md · sha256 1c509c2dfb634fb4d056cf06368bb58a796cfc7f213edde4ff819ff34dc3d319 · 1569 bytes
#     json: /private/tmp/hima-tests-F2eBR1/hima-home-8oVpm4/workspace/opene902-timing-probe-20260911-092807-31c9/hima-experience/run-b92cd09f-7abb-4e12-b470-ec73c1c77523.json · sha256 f6c5aeb1221ff65f63f251d19fb74caaa794d76182f481419d191fcaa5784b54 · 1640 bytes
# Subtest: a run cancelled while /hima resume is still waiting on the job it launched is that command's success, not its error
ok 28 - a run cancelled while /hima resume is still waiting on the job it launched is that command's success, not its error
  ---
  duration_ms: 1685.986667
  type: 'test'
  ...
# cancelled run run-11e9cb0b-9af3-4ccc-aca8-8abcc8009428: stopped its job "synthesize" in tmux session hima-11e9cb0b-synthesize-cad19f, recorded as run-11e9cb0b-9af3-4ccc-aca8-8abcc8009428\#000012
# run run-11e9cb0b-9af3-4ccc-aca8-8abcc8009428 of campaign opene902-timing-probe-20260911-092808-af75 on site local: cancelled, generation 1 of at most 1
#   workspace: /private/tmp/hima-tests-F2eBR1/hima-home-cRFMFH/workspace/opene902-timing-probe-20260911-092808-af75
#   goal: clock period at most 2 ns
#   strategy: clock period 2 ns
#   budget: time box 60 min, retry allowance 1, at most 1 generation, job cap 1, licences Design-Compiler 1
#   current node: synthesize
#   meters:
#     elapsed 1.0 s of a time box of 60.0 min, 94 ms of it waiting on a person, which widens the box by as much
#     generation 1 of at most 1, 831 ms
#     2 jobs launched, at most 1 job at a time
#     synthesize: attempt 2 of a retry allowance of 1, and 3 attempts in the campaign so far
#     Design-Compiler 1 seat of 1 declared, held for 549 ms
#     ended by a person's cancel
#   nodes:
#     synthesize (act): cancelled, attempt 2, session hima-11e9cb0b-synthesize-cad19f holding Design-Compiler 1
#     blocked (wait): blocked, attempt 1, this pack routes a hard-blocker here; the Run waits for a person to clear it
#   blocker: synthesize after 1 attempt, 1 line of log on record run-11e9cb0b-9af3-4ccc-aca8-8abcc8009428\#000005: job "synthesize" is gone: tmux session hima-11e9cb0b-synthesize-1bce15 has ended and it wrote no exit status; node synthesize has now failed 1 time and spent its retry allowance of 1
#   resumed: synthesize by session-19aa52df-e1de-49ae-af06-7c01683271f5 at 2026-09-11T09:28:09.307Z
#   cancel: asked at 2026-09-11T09:28:09.516Z, node synthesize, session hima-11e9cb0b-synthesize-cad19f; hima-11e9cb0b-synthesize-cad19f stopped, recorded as run-11e9cb0b-9af3-4ccc-aca8-8abcc8009428\#000012
#   experience: written at 2026-09-11T09:28:09.604Z
#     markdown: /private/tmp/hima-tests-F2eBR1/hima-home-cRFMFH/workspace/opene902-timing-probe-20260911-092808-af75/hima-experience/run-11e9cb0b-9af3-4ccc-aca8-8abcc8009428.md · sha256 4457bbe041d2381590d543f693212b479e27b9add9d4005d81612c67a8aa4896 · 2076 bytes
#     json: /private/tmp/hima-tests-F2eBR1/hima-home-cRFMFH/workspace/opene902-timing-probe-20260911-092808-af75/hima-experience/run-11e9cb0b-9af3-4ccc-aca8-8abcc8009428.json · sha256 b880f4b73e703064832195dcc9ebe04d0838e0fce90fda2b8cfa10c4d58eb71e · 2401 bytes
# resumed run-11e9cb0b-9af3-4ccc-aca8-8abcc8009428 at node synthesize; recorded as run-11e9cb0b-9af3-4ccc-aca8-8abcc8009428\#000008
# run run-11e9cb0b-9af3-4ccc-aca8-8abcc8009428 of campaign opene902-timing-probe-20260911-092808-af75 on site local: cancelled, generation 1 of at most 1
#   workspace: /private/tmp/hima-tests-F2eBR1/hima-home-cRFMFH/workspace/opene902-timing-probe-20260911-092808-af75
#   goal: clock period at most 2 ns
#   strategy: clock period 2 ns
#   budget: time box 60 min, retry allowance 1, at most 1 generation, job cap 1, licences Design-Compiler 1
#   current node: synthesize
#   meters:
#     elapsed 1.0 s of a time box of 60.0 min, 94 ms of it waiting on a person, which widens the box by as much
#     generation 1 of at most 1, 831 ms
#     2 jobs launched, at most 1 job at a time
#     synthesize: attempt 2 of a retry allowance of 1, and 3 attempts in the campaign so far
#     Design-Compiler 1 seat of 1 declared, held for 549 ms
#     ended by a person's cancel
#   nodes:
#     synthesize (act): cancelled, attempt 2, session hima-11e9cb0b-synthesize-cad19f holding Design-Compiler 1
#     blocked (wait): blocked, attempt 1, this pack routes a hard-blocker here; the Run waits for a person to clear it
#   blocker: synthesize after 1 attempt, 1 line of log on record run-11e9cb0b-9af3-4ccc-aca8-8abcc8009428\#000005: job "synthesize" is gone: tmux session hima-11e9cb0b-synthesize-1bce15 has ended and it wrote no exit status; node synthesize has now failed 1 time and spent its retry allowance of 1
#   resumed: synthesize by session-19aa52df-e1de-49ae-af06-7c01683271f5 at 2026-09-11T09:28:09.307Z
#   cancel: asked at 2026-09-11T09:28:09.516Z, node synthesize, session hima-11e9cb0b-synthesize-cad19f; hima-11e9cb0b-synthesize-cad19f stopped, recorded as run-11e9cb0b-9af3-4ccc-aca8-8abcc8009428\#000012
#   experience: written at 2026-09-11T09:28:09.604Z
#     markdown: /private/tmp/hima-tests-F2eBR1/hima-home-cRFMFH/workspace/opene902-timing-probe-20260911-092808-af75/hima-experience/run-11e9cb0b-9af3-4ccc-aca8-8abcc8009428.md · sha256 4457bbe041d2381590d543f693212b479e27b9add9d4005d81612c67a8aa4896 · 2076 bytes
#     json: /private/tmp/hima-tests-F2eBR1/hima-home-cRFMFH/workspace/opene902-timing-probe-20260911-092808-af75/hima-experience/run-11e9cb0b-9af3-4ccc-aca8-8abcc8009428.json · sha256 b880f4b73e703064832195dcc9ebe04d0838e0fce90fda2b8cfa10c4d58eb71e · 2401 bytes
# Subtest: the hima_cancel tool stops the same job the command face does, and answers with what it stopped
ok 29 - the hima_cancel tool stops the same job the command face does, and answers with what it stopped
  ---
  duration_ms: 945.706125
  type: 'test'
  ...
# Subtest: a cancel that arrives while the job is still being launched leaves nothing of the run running on the site
ok 30 - a cancel that arrives while the job is still being launched leaves nothing of the run running on the site
  ---
  duration_ms: 526.803
  type: 'test'
  ...
# the cancel was asked 589 time(s) before the run had a fabric state to cancel
# cancelled run run-3307e8ba-765d-458e-9bc1-f8bf7da52bbb: no job of this run was open when the request was read
# run run-3307e8ba-765d-458e-9bc1-f8bf7da52bbb of campaign opene902-timing-probe-20260911-092811-d3e1 on site local: cancelled, generation 1 of at most 1
#   workspace: /private/tmp/hima-tests-F2eBR1/hima-home-ppGK8N/workspace/opene902-timing-probe-20260911-092811-d3e1
#   goal: clock period at most 2 ns
#   strategy: clock period 2 ns
#   budget: time box 60 min, retry allowance 3, at most 1 generation, job cap 1, licences Design-Compiler 1
#   current node: synthesize
#   meters:
#     elapsed 234 ms of a time box of 60.0 min
#     generation 1 of at most 1, 98 ms
#     0 jobs launched, at most 1 job at a time
#     synthesize: attempt 1 of a retry allowance of 3, and 0 attempts in the campaign so far
#     Design-Compiler 1 seat of 1 declared
#     ended by a person's cancel
#   nodes:
#     synthesize (act): running, attempt 1, session hima-3307e8ba-synthesize-7937a3 holding Design-Compiler 1
#   cancel: asked at 2026-09-11T09:28:11.300Z, node synthesize; no job of this run was open when the request was read
#   experience: written at 2026-09-11T09:28:11.401Z
#     markdown: /private/tmp/hima-tests-F2eBR1/hima-home-ppGK8N/workspace/opene902-timing-probe-20260911-092811-d3e1/hima-experience/run-3307e8ba-765d-458e-9bc1-f8bf7da52bbb.md · sha256 f0d44d17d8a84e82f20ab007a4e16e425391d3aac890791e9435252fbbb2cc3d · 1533 bytes
#     json: /private/tmp/hima-tests-F2eBR1/hima-home-ppGK8N/workspace/opene902-timing-probe-20260911-092811-d3e1/hima-experience/run-3307e8ba-765d-458e-9bc1-f8bf7da52bbb.json · sha256 108ae9bb5ad72823063dd906045db4e7f09213a03a60dfb6e08c03497c514b28 · 1410 bytes
# run run-3307e8ba-765d-458e-9bc1-f8bf7da52bbb of campaign opene902-timing-probe-20260911-092811-d3e1 on site local: cancelled, generation 1 of at most 1
#   workspace: /private/tmp/hima-tests-F2eBR1/hima-home-ppGK8N/workspace/opene902-timing-probe-20260911-092811-d3e1
#   goal: clock period at most 2 ns
#   strategy: clock period 2 ns
#   budget: time box 60 min, retry allowance 3, at most 1 generation, job cap 1, licences Design-Compiler 1
#   current node: synthesize
#   meters:
#     elapsed 270 ms of a time box of 60.0 min
#     generation 1 of at most 1, 141 ms
#     1 job launched, at most 1 job at a time
#     synthesize: attempt 1 of a retry allowance of 3, and 1 attempt in the campaign so far
#     Design-Compiler 0 seats of 1 declared
#     ended by a person's cancel
#   nodes:
#     synthesize (act): cancelled, attempt 1, session hima-3307e8ba-synthesize-7937a3 holding Design-Compiler 1
#   cancel: asked at 2026-09-11T09:28:11.300Z, node synthesize; no job of this run was open when the request was read
#   experience: written at 2026-09-11T09:28:11.401Z
#     markdown: /private/tmp/hima-tests-F2eBR1/hima-home-ppGK8N/workspace/opene902-timing-probe-20260911-092811-d3e1/hima-experience/run-3307e8ba-765d-458e-9bc1-f8bf7da52bbb.md · sha256 f0d44d17d8a84e82f20ab007a4e16e425391d3aac890791e9435252fbbb2cc3d · 1533 bytes
#     json: /private/tmp/hima-tests-F2eBR1/hima-home-ppGK8N/workspace/opene902-timing-probe-20260911-092811-d3e1/hima-experience/run-3307e8ba-765d-458e-9bc1-f8bf7da52bbb.json · sha256 108ae9bb5ad72823063dd906045db4e7f09213a03a60dfb6e08c03497c514b28 · 1410 bytes
# Subtest: cancelling a run whose job the ledger has already settled writes one blocker, not a second, and the node ends cancelled
ok 31 - cancelling a run whose job the ledger has already settled writes one blocker, not a second, and the node ends cancelled
  ---
  duration_ms: 1121.11425
  type: 'test'
  ...
# cancelled run run-273e17bd-9565-4b7a-9df3-5a5ea15ada01: no job of this run was open when the request was read
# run run-273e17bd-9565-4b7a-9df3-5a5ea15ada01 of campaign opene902-timing-probe-20260911-092811-ada8 on site local: cancelled, generation 1 of at most 1
#   workspace: /private/tmp/hima-tests-F2eBR1/hima-home-mp8qrF/workspace/opene902-timing-probe-20260911-092811-ada8
#   goal: clock period at most 2 ns
#   strategy: clock period 2 ns
#   budget: time box 60 min, retry allowance 1, at most 1 generation, job cap 1, licences Design-Compiler 1
#   current node: blocked
#   meters:
#     elapsed 918 ms of a time box of 60.0 min
#     generation 1 of at most 1, 843 ms
#     1 job launched, at most 1 job at a time
#     synthesize: attempt 1 of a retry allowance of 1, and 2 attempts in the campaign so far
#     Design-Compiler 1 seat of 1 declared, held for 692 ms
#     ended by a person's cancel
#   nodes:
#     synthesize (act): blocked, attempt 1, session hima-273e17bd-synthesize-9fd838 holding Design-Compiler 1, job "synthesize" is gone: tmux session hima-273e17bd-synthesize-9fd838 has ended and it wrote no exit status; node synthesize has now failed 1 time and spent its retry allowance of 1
#     blocked (wait): cancelled, attempt 1
#   blocker: synthesize after 1 attempt, 1 line of log on record run-273e17bd-9565-4b7a-9df3-5a5ea15ada01\#000005: job "synthesize" is gone: tmux session hima-273e17bd-synthesize-9fd838 has ended and it wrote no exit status; node synthesize has now failed 1 time and spent its retry allowance of 1
#   cancel: asked at 2026-09-11T09:28:12.542Z, node blocked; no job of this run was open when the request was read
#   experience: written at 2026-09-11T09:28:12.590Z
#     markdown: /private/tmp/hima-tests-F2eBR1/hima-home-mp8qrF/workspace/opene902-timing-probe-20260911-092811-ada8/hima-experience/run-273e17bd-9565-4b7a-9df3-5a5ea15ada01.md · sha256 0df874aae73051dcb1524d0e089e60ddeac2d9bffc97a7b5630d35036f6665a0 · 2140 bytes
#     json: /private/tmp/hima-tests-F2eBR1/hima-home-mp8qrF/workspace/opene902-timing-probe-20260911-092811-ada8/hima-experience/run-273e17bd-9565-4b7a-9df3-5a5ea15ada01.json · sha256 88813e753dc13b7a6ff6508725cdd377b15922d66179fd3eda03baf34ade97c2 · 2367 bytes
# Subtest: a launch the run has accounted for but the site still has is stopped by the cancel, not written off
ok 32 - a launch the run has accounted for but the site still has is stopped by the cancel, not written off
  ---
  duration_ms: 1132.230333
  type: 'test'
  ...
# cancelled run run-734d7e51-4990-454c-a9bb-3b1dfebe83f6: stopped its job "synthesize" in tmux session hima-734d7e51-synthesize-0f4f57, recorded as run-734d7e51-4990-454c-a9bb-3b1dfebe83f6\#000009
# run run-734d7e51-4990-454c-a9bb-3b1dfebe83f6 of campaign opene902-timing-probe-20260911-092812-d915 on site local: cancelled, generation 1 of at most 1
#   workspace: /private/tmp/hima-tests-F2eBR1/hima-home-2Di2Df/workspace/opene902-timing-probe-20260911-092812-d915
#   goal: clock period at most 2 ns
#   strategy: clock period 2 ns
#   budget: time box 60 min, retry allowance 1, at most 1 generation, job cap 1, licences Design-Compiler 1
#   current node: blocked
#   meters:
#     elapsed 971 ms of a time box of 60.0 min
#     generation 1 of at most 1, 898 ms
#     1 job launched, at most 1 job at a time
#     blocked: attempt 1 of a retry allowance of 1, and 2 attempts in the campaign so far
#     Design-Compiler 0 seats of 1 declared, held for 696 ms
#     ended by a person's cancel
#   nodes:
#     synthesize (act): cancelled, attempt 1, session hima-734d7e51-synthesize-0f4f57 holding Design-Compiler 1
#     blocked (wait): blocked, attempt 1, this pack routes a hard-blocker here; the Run waits for a person to clear it
#   blocker: synthesize after 1 attempt, 1 line of log on record run-734d7e51-4990-454c-a9bb-3b1dfebe83f6\#000005: job "synthesize" is gone: tmux session hima-734d7e51-synthesize-0f4f57 has ended and it wrote no exit status; node synthesize has now failed 1 time and spent its retry allowance of 1
#   cancel: asked at 2026-09-11T09:28:13.644Z, node blocked, session hima-734d7e51-synthesize-0f4f57; hima-734d7e51-synthesize-0f4f57 stopped, recorded as run-734d7e51-4990-454c-a9bb-3b1dfebe83f6\#000009
#   experience: written at 2026-09-11T09:28:13.722Z
#     markdown: /private/tmp/hima-tests-F2eBR1/hima-home-2Di2Df/workspace/opene902-timing-probe-20260911-092812-d915/hima-experience/run-734d7e51-4990-454c-a9bb-3b1dfebe83f6.md · sha256 f7ad5538c096b07fa5fa53e23f61ee3bbbc921db702b142d41d5623faef3e9af · 2008 bytes
#     json: /private/tmp/hima-tests-F2eBR1/hima-home-2Di2Df/workspace/opene902-timing-probe-20260911-092812-d915/hima-experience/run-734d7e51-4990-454c-a9bb-3b1dfebe83f6.json · sha256 0c499ae7a4e2b1a8f05fd82a897cb58b7ab672ca1c9bf564e42bac31d78a5e9e · 2377 bytes
# Subtest: cancelling a run that already ended answers with its status and writes nothing
ok 33 - cancelling a run that already ended answers with its status and writes nothing
  ---
  duration_ms: 3738.087084
  type: 'test'
  ...
# run run-b84f9b65-4599-40f9-8044-c592fca7e5be already ended as ended-budget-exhausted; nothing was stopped and nothing was recorded
# run run-b84f9b65-4599-40f9-8044-c592fca7e5be of campaign opene902-timing-probe-20260911-092813-9b95 on site local: ended-budget-exhausted, generation 1 of at most 1
#   workspace: /private/tmp/hima-tests-F2eBR1/hima-home-JvummG/workspace/opene902-timing-probe-20260911-092813-9b95
#   goal: clock period at most 2 ns
#   strategy: clock period 2 ns
#   budget: time box 60 min, retry allowance 3, at most 1 generation, job cap 1, licences Design-Compiler 1
#   current node: next-period
#   meters:
#     elapsed 3.5 s of a time box of 60.0 min
#     generation 1 of at most 1, 3.4 s
#     1 job launched, at most 1 job at a time
#     next-period: attempt 1 of a retry allowance of 3, and 4 attempts in the campaign so far
#     Design-Compiler 0 seats of 1 declared, held for 3.1 s
#     ended by the generation limit
#   nodes:
#     synthesize (act): done, attempt 1, session hima-b84f9b65-synthesize-902de6 holding Design-Compiler 1
#     read-qor (act): done, attempt 1
#     judge (judge): done, attempt 1, FAIL
#     next-period (explore): done, attempt 1
#   decision: next-period chose clock period 2.15 ns by over-constraining-push, citing run-b84f9b65-4599-40f9-8044-c592fca7e5be\#000010, run-b84f9b65-4599-40f9-8044-c592fca7e5be\#000011, run-b84f9b65-4599-40f9-8044-c592fca7e5be\#000007, from period 2, slack -0.2, stepNs 0.05
#   experience: written at 2026-09-11T09:28:17.412Z
#     markdown: /private/tmp/hima-tests-F2eBR1/hima-home-JvummG/workspace/opene902-timing-probe-20260911-092813-9b95/hima-experience/run-b84f9b65-4599-40f9-8044-c592fca7e5be.md · sha256 a6a0a014f7d17f6457f5c3ee036f6681b4989e97dfb47e4255fdecf52dbae547 · 1661 bytes
#     json: /private/tmp/hima-tests-F2eBR1/hima-home-JvummG/workspace/opene902-timing-probe-20260911-092813-9b95/hima-experience/run-b84f9b65-4599-40f9-8044-c592fca7e5be.json · sha256 78ee6570ebca33c198df39f3f0c4b6a6eba7687a4e115a4487c373dcdcdf45c6 · 2319 bytes
# Subtest: POST /hima/api/runs/<id>/cancel stops a job a new host picked up, behind the session fence, and answers with the cancelled run
ok 34 - POST /hima/api/runs/<id>/cancel stops a job a new host picked up, behind the session fence, and answers with the cancelled run
  ---
  duration_ms: 2704.90025
  type: 'test'
  ...
# Subtest: a fault while the campaign workspace is being prepared is recorded against the run, not lost with the run left saying nothing happened
ok 35 - a fault while the campaign workspace is being prepared is recorded against the run, not lost with the run left saying nothing happened
  ---
  duration_ms: 202.10825
  type: 'test'
  ...
# run run-8b0bfc85-4bcf-4903-bb0f-c9576d8b4ac7 stopped before its first node: cannot copy build/opene902 into /private/tmp/hima-tests-F2eBR1/hima-home-yopNLi/workspace/opene902-timing-probe-20260911-092820-b2fe/flow: cp exited 1: cp: /private/tmp/hima-tests-F2eBR1/hima-home-yopNLi/standin-flow/build/opene902: unable to copy extended attributes to /private/tmp/hima-tests-F2eBR1/hima-home-yopNLi/workspace/opene902-timing-probe-20260911-092820-b2fe/flow/build/opene902/: Permission denied
# cp: /private/tmp/hima-tests-F2eBR1/hima-home-yopNLi/standin-flow/build/opene902: Permission denied
# run run-8b0bfc85-4bcf-4903-bb0f-c9576d8b4ac7 of campaign opene902-timing-probe-20260911-092820-b2fe on site local: waiting, generation 1 of at most 1
#   goal: clock period at most 2 ns
#   strategy: clock period 2 ns
#   budget: time box 60 min, retry allowance 3, at most 1 generation, job cap 1, licences Design-Compiler 1
#   current node: synthesize
#   meters:
#     elapsed 66 ms of a time box of 60.0 min
#     generation 1 of at most 1, 0 ms
#     0 jobs launched, at most 1 job at a time
#     synthesize: attempt 1 of a retry allowance of 3, and 0 attempts in the campaign so far
#     Design-Compiler 0 seats of 1 declared
#   nodes:
#     synthesize (act): blocked, attempt 1, the campaign workspace could not be prepared: cannot copy build/opene902 into /private/tmp/hima-tests-F2eBR1/hima-home-yopNLi/workspace/opene902-timing-probe-20260911-092820-b2fe/flow: cp exited 1: cp: /private/tmp/hima-tests-F2eBR1/hima-home-yopNLi/standin-flow/build/opene902: unable to copy extended attributes to /private/tmp/hima-tests-F2eBR1/hima-home-yopNLi/workspace/opene902-timing-probe-20260911-092820-b2fe/flow/build/opene902/: Permission denied
# cp: /private/tmp/hima-tests-F2eBR1/hima-home-yopNLi/standin-flow/build/opene902: Permission denied
# run run-8b0bfc85-4bcf-4903-bb0f-c9576d8b4ac7 of campaign opene902-timing-probe-20260911-092820-b2fe on site local: waiting, generation 1 of at most 1
#   goal: clock period at most 2 ns
#   strategy: clock period 2 ns
#   budget: time box 60 min, retry allowance 3, at most 1 generation, job cap 1, licences Design-Compiler 1
#   current node: synthesize
#   meters:
#     elapsed 66 ms of a time box of 60.0 min
#     generation 1 of at most 1, 0 ms
#     0 jobs launched, at most 1 job at a time
#     synthesize: attempt 1 of a retry allowance of 3, and 0 attempts in the campaign so far
#     Design-Compiler 0 seats of 1 declared
#   nodes:
#     synthesize (act): blocked, attempt 1, the campaign workspace could not be prepared: cannot copy build/opene902 into /private/tmp/hima-tests-F2eBR1/hima-home-yopNLi/workspace/opene902-timing-probe-20260911-092820-b2fe/flow: cp exited 1: cp: /private/tmp/hima-tests-F2eBR1/hima-home-yopNLi/standin-flow/build/opene902: unable to copy extended attributes to /private/tmp/hima-tests-F2eBR1/hima-home-yopNLi/workspace/opene902-timing-probe-20260911-092820-b2fe/flow/build/opene902/: Permission denied
# cp: /private/tmp/hima-tests-F2eBR1/hima-home-yopNLi/standin-flow/build/opene902: Permission denied
# Subtest: a campaign the site gives no workspace is blocked at once, in the words the refusal recorded, and the next host leaves it alone
ok 36 - a campaign the site gives no workspace is blocked at once, in the words the refusal recorded, and the next host leaves it alone
  ---
  duration_ms: 266.809334
  type: 'test'
  ...
# refused to prepare /private/tmp/hima-tests-F2eBR1/hima-home-uOTgY1/workspace/opene902-timing-probe-20260911-092820-060f on local: path outside the permitted write roots of site local: /private/tmp/hima-tests-F2eBR1/hima-home-uOTgY1/workspace/opene902-timing-probe-20260911-092820-060f; recorded as run-9a9d79a8-a0b3-49ed-b178-8a33f08c0502\#000001 in run-9a9d79a8-a0b3-49ed-b178-8a33f08c0502
# run run-9a9d79a8-a0b3-49ed-b178-8a33f08c0502 of campaign opene902-timing-probe-20260911-092820-060f on site local: waiting, generation 1 of at most 1
#   goal: clock period at most 2 ns
#   strategy: clock period 2 ns
#   budget: time box 60 min, retry allowance 3, at most 1 generation, job cap 1, licences Design-Compiler 1
#   current node: synthesize
#   meters:
#     elapsed 74 ms of a time box of 60.0 min
#     generation 1 of at most 1, 32 ms
#     0 jobs launched, at most 1 job at a time
#     synthesize: attempt 1 of a retry allowance of 3, and 0 attempts in the campaign so far
#     Design-Compiler 0 seats of 1 declared
#   nodes:
#     synthesize (act): blocked, attempt 1, the campaign workspace could not be prepared: the site's permit refused /private/tmp/hima-tests-F2eBR1/hima-home-uOTgY1/workspace/opene902-timing-probe-20260911-092820-060f: path outside the permitted write roots of site local: /private/tmp/hima-tests-F2eBR1/hima-home-uOTgY1/workspace/opene902-timing-probe-20260911-092820-060f
# run run-9a9d79a8-a0b3-49ed-b178-8a33f08c0502 of campaign opene902-timing-probe-20260911-092820-060f on site local: waiting, generation 1 of at most 1
#   goal: clock period at most 2 ns
#   strategy: clock period 2 ns
#   budget: time box 60 min, retry allowance 3, at most 1 generation, job cap 1, licences Design-Compiler 1
#   current node: synthesize
#   meters:
#     elapsed 74 ms of a time box of 60.0 min
#     generation 1 of at most 1, 32 ms
#     0 jobs launched, at most 1 job at a time
#     synthesize: attempt 1 of a retry allowance of 3, and 0 attempts in the campaign so far
#     Design-Compiler 0 seats of 1 declared
#   nodes:
#     synthesize (act): blocked, attempt 1, the campaign workspace could not be prepared: the site's permit refused /private/tmp/hima-tests-F2eBR1/hima-home-uOTgY1/workspace/opene902-timing-probe-20260911-092820-060f: path outside the permitted write roots of site local: /private/tmp/hima-tests-F2eBR1/hima-home-uOTgY1/workspace/opene902-timing-probe-20260911-092820-060f
# cannot resume run-9a9d79a8-a0b3-49ed-b178-8a33f08c0502: run run-9a9d79a8-a0b3-49ed-b178-8a33f08c0502 has no workspace record: HimaFabric never prepared it, so there is no campaign workspace to re-enter; nothing was written
# Subtest: a run left with no fabric state at all is still picked up by the next host, not left looking like a run no fabric ever touched
ok 37 - a run left with no fabric state at all is still picked up by the next host, not left looking like a run no fabric ever touched
  ---
  duration_ms: 218.01
  type: 'test'
  ...
# run run-4a72116c-4177-45b6-8e04-f93d8a41f3f4 of campaign opene902-timing-probe-interrupted on site local: waiting
#   goal: clock period at most 2 ns
#   budget: time box 60 min, retry allowance 3, at most 6 generations, job cap 1, licences Design-Compiler 1
#   current node: synthesize
#   meters:
#     elapsed 85 ms of a time box of 60.0 min
#     0 jobs launched, at most 1 job at a time
#     synthesize: attempt 1 of a retry allowance of 3, and 0 attempts in the campaign so far
#     Design-Compiler 0 seats of 1 declared
#   nodes:
#     synthesize (act): blocked, attempt 1, HimaFabric opened this run and never started it: campaign opene902-timing-probe-interrupted got no workspace to run in, so nothing was launched anywhere. The host that was preparing it went away before it could finish or say why; start the campaign again once a person has looked at it
# Subtest: a job told to fail twice is retried as two fresh attempts and the third succeeds, and the run completes with no blocker
ok 38 - a job told to fail twice is retried as two fresh attempts and the third succeeds, and the run completes with no blocker
  ---
  duration_ms: 4185.043375
  type: 'test'
  ...
# run run-6b8ac5a0-88bc-4736-91c6-81688045c9a4 of campaign opene902-timing-probe-20260911-092821-3879 on site local: ended-budget-exhausted, generation 1 of at most 1
#   workspace: /private/tmp/hima-tests-F2eBR1/hima-home-MngckN/workspace/opene902-timing-probe-20260911-092821-3879
#   goal: clock period at most 2 ns
#   strategy: clock period 2 ns
#   budget: time box 60 min, retry allowance 3, at most 1 generation, job cap 1, licences Design-Compiler 1
#   current node: next-period
#   meters:
#     elapsed 3.7 s of a time box of 60.0 min
#     generation 1 of at most 1, 3.7 s
#     3 jobs launched, at most 1 job at a time
#     next-period: attempt 1 of a retry allowance of 3, and 6 attempts in the campaign so far
#     Design-Compiler 0 seats of 1 declared, held for 3.3 s
#     ended by the generation limit
#   nodes:
#     synthesize (act): done, attempt 3, session hima-6b8ac5a0-synthesize-1b6a8c holding Design-Compiler 1
#     read-qor (act): done, attempt 1
#     judge (judge): done, attempt 1, FAIL
#     next-period (explore): done, attempt 1
#   decision: next-period chose clock period 2.15 ns by over-constraining-push, citing run-6b8ac5a0-88bc-4736-91c6-81688045c9a4\#000018, run-6b8ac5a0-88bc-4736-91c6-81688045c9a4\#000019, run-6b8ac5a0-88bc-4736-91c6-81688045c9a4\#000015, from period 2, slack -0.2, stepNs 0.05
#   experience: written at 2026-09-11T09:28:25.306Z
#     markdown: /private/tmp/hima-tests-F2eBR1/hima-home-MngckN/workspace/opene902-timing-probe-20260911-092821-3879/hima-experience/run-6b8ac5a0-88bc-4736-91c6-81688045c9a4.md · sha256 076ed9b2685f39f17885c4de8621b6d16a411ca489b62c5453bccb25fcbeba1c · 1662 bytes
#     json: /private/tmp/hima-tests-F2eBR1/hima-home-MngckN/workspace/opene902-timing-probe-20260911-092821-3879/hima-experience/run-6b8ac5a0-88bc-4736-91c6-81688045c9a4.json · sha256 bd249021b85edfd63b5c3d034a8bfdb003e27067e236614d672443fddcf89cfd · 2319 bytes
# Subtest: a job told to fail four times against an allowance of three blocks with a blocker record carrying the last exit and the log tail, and resume re-enters the node with a fresh allowance and completes the run
ok 39 - a job told to fail four times against an allowance of three blocks with a blocker record carrying the last exit and the log tail, and resume re-enters the node with a fresh allowance and completes the run
  ---
  duration_ms: 6343.516916
  type: 'test'
  ...
# run run-a7d699d9-1248-4aa6-b7f7-64487e320f91 of campaign opene902-timing-probe-20260911-092825-523a on site local: waiting, generation 1 of at most 1
#   workspace: /private/tmp/hima-tests-F2eBR1/hima-home-VUZrl3/workspace/opene902-timing-probe-20260911-092825-523a
#   goal: clock period at most 2 ns
#   strategy: clock period 2 ns
#   budget: time box 60 min, retry allowance 3, at most 1 generation, job cap 1, licences Design-Compiler 1
#   current node: blocked
#   meters:
#     elapsed 3.5 s of a time box of 60.0 min
#     generation 1 of at most 1, 3.5 s
#     3 jobs launched, at most 1 job at a time
#     synthesize: attempt 3 of a retry allowance of 3, and 4 attempts in the campaign so far
#     Design-Compiler 0 seats of 1 declared, held for 3.2 s
#   nodes:
#     synthesize (act): blocked, attempt 3, session hima-a7d699d9-synthesize-489742 holding Design-Compiler 1, job "synthesize" in tmux session hima-a7d699d9-synthesize-489742 exited 2; node synthesize has now failed 3 times and spent its retry allowance of 3
#     blocked (wait): blocked, attempt 1, this pack routes a hard-blocker here; the Run waits for a person to clear it
#   blocker: synthesize after 3 attempts, last exit 2, 3 lines of log on record run-a7d699d9-1248-4aa6-b7f7-64487e320f91\#000013: job "synthesize" in tmux session hima-a7d699d9-synthesize-489742 exited 2; node synthesize has now failed 3 times and spent its retry allowance of 3
# blocker: job "synthesize" in tmux session hima-a7d699d9-synthesize-489742 exited 2; node synthesize has now failed 3 times and spent its retry allowance of 3
# log tail: "[stand-in] Error: synthesis was told to fail this attempt\\n\\n\\n[stand-in] 2 attempt(s) were left to fail; nothing was written to /private/tmp/hima-tests-F2eBR1/hima-home-VUZrl3/workspace/opene902-timing-probe-20260911-092825-523a/flow/results/opene902/syn/report\\nmake: *** [synth] Error 3\\n"
# run run-a7d699d9-1248-4aa6-b7f7-64487e320f91 of campaign opene902-timing-probe-20260911-092825-523a on site local: waiting, generation 1 of at most 1
#   workspace: /private/tmp/hima-tests-F2eBR1/hima-home-VUZrl3/workspace/opene902-timing-probe-20260911-092825-523a
#   goal: clock period at most 2 ns
#   strategy: clock period 2 ns
#   budget: time box 60 min, retry allowance 3, at most 1 generation, job cap 1, licences Design-Compiler 1
#   current node: blocked
#   meters:
#     elapsed 3.5 s of a time box of 60.0 min
#     generation 1 of at most 1, 3.5 s
#     3 jobs launched, at most 1 job at a time
#     synthesize: attempt 3 of a retry allowance of 3, and 4 attempts in the campaign so far
#     Design-Compiler 0 seats of 1 declared, held for 3.2 s
#   nodes:
#     synthesize (act): blocked, attempt 3, session hima-a7d699d9-synthesize-489742 holding Design-Compiler 1, job "synthesize" in tmux session hima-a7d699d9-synthesize-489742 exited 2; node synthesize has now failed 3 times and spent its retry allowance of 3
#     blocked (wait): blocked, attempt 1, this pack routes a hard-blocker here; the Run waits for a person to clear it
#   blocker: synthesize after 3 attempts, last exit 2, 3 lines of log on record run-a7d699d9-1248-4aa6-b7f7-64487e320f91\#000013: job "synthesize" in tmux session hima-a7d699d9-synthesize-489742 exited 2; node synthesize has now failed 3 times and spent its retry allowance of 3
# resumed run-a7d699d9-1248-4aa6-b7f7-64487e320f91 at node synthesize; recorded as run-a7d699d9-1248-4aa6-b7f7-64487e320f91\#000016
# run run-a7d699d9-1248-4aa6-b7f7-64487e320f91 of campaign opene902-timing-probe-20260911-092825-523a on site local: ended-budget-exhausted, generation 1 of at most 1
#   workspace: /private/tmp/hima-tests-F2eBR1/hima-home-VUZrl3/workspace/opene902-timing-probe-20260911-092825-523a
#   goal: clock period at most 2 ns
#   strategy: clock period 2 ns
#   budget: time box 60 min, retry allowance 3, at most 1 generation, job cap 1, licences Design-Compiler 1
#   current node: next-period
#   meters:
#     elapsed 6.1 s of a time box of 60.0 min, 103 ms of it waiting on a person, which widens the box by as much
#     generation 1 of at most 1, 6.1 s
#     5 jobs launched, at most 1 job at a time
#     next-period: attempt 1 of a retry allowance of 3, and 9 attempts in the campaign so far
#     Design-Compiler 0 seats of 1 declared, held for 5.4 s
#     ended by the generation limit
#   nodes:
#     synthesize (act): done, attempt 5, session hima-a7d699d9-synthesize-cdf6d1 holding Design-Compiler 1
#     blocked (wait): blocked, attempt 1, this pack routes a hard-blocker here; the Run waits for a person to clear it
#     read-qor (act): done, attempt 1
#     judge (judge): done, attempt 1, FAIL
#     next-period (explore): done, attempt 1
#   blocker: synthesize after 3 attempts, last exit 2, 3 lines of log on record run-a7d699d9-1248-4aa6-b7f7-64487e320f91\#000013: job "synthesize" in tmux session hima-a7d699d9-synthesize-489742 exited 2; node synthesize has now failed 3 times and spent its retry allowance of 3
#   resumed: synthesize by session-b190bc8a-ac66-41c4-a41e-e48f5d74a4b3 at 2026-09-11T09:28:29.087Z
#   decision: next-period chose clock period 2.15 ns by over-constraining-push, citing run-a7d699d9-1248-4aa6-b7f7-64487e320f91\#000029, run-a7d699d9-1248-4aa6-b7f7-64487e320f91\#000030, run-a7d699d9-1248-4aa6-b7f7-64487e320f91\#000026, from period 2, slack -0.2, stepNs 0.05
#   experience: written at 2026-09-11T09:28:31.643Z
#     markdown: /private/tmp/hima-tests-F2eBR1/hima-home-VUZrl3/workspace/opene902-timing-probe-20260911-092825-523a/hima-experience/run-a7d699d9-1248-4aa6-b7f7-64487e320f91.md · sha256 edf58276b8cf4156589b9e4d15689b2e0a19ed3fe832075e78ca36dbf4bf4d1f · 2408 bytes
#     json: /private/tmp/hima-tests-F2eBR1/hima-home-VUZrl3/workspace/opene902-timing-probe-20260911-092825-523a/hima-experience/run-a7d699d9-1248-4aa6-b7f7-64487e320f91.json · sha256 64ce16bcf5b4369c0883aefcb1a5801ab64fae407d16faab748df1fac35d832d · 3333 bytes
# Subtest: resume answers clearly and writes nothing on a run that has ended and on one that is still running
ok 40 - resume answers clearly and writes nothing on a run that has ended and on one that is still running
  ---
  duration_ms: 34177.657041
  type: 'test'
  ...
# cannot resume run-bdbb6ac0-a773-4dbb-a5bb-5056b3d71649: this run is ended-budget-exhausted, and only a waiting run can be resumed; nothing was written
# cannot resume run-336f265c-8e2a-4e5d-83fe-1dad06b65ed1: this run is running, and only a waiting run can be resumed; nothing was written
# Subtest: the hima_resume tool clears the same blocker the command does, and answers with the run it carried on
ok 41 - the hima_resume tool clears the same blocker the command does, and answers with the run it carried on
  ---
  duration_ms: 2960.679583
  type: 'test'
  ...
# {"kind":"resumed","runId":"run-c30c425d-0f37-4ecc-94c4-92865e9fba17","status":"ended-budget-exhausted","currentNode":"next-period","nodeId":"synthesize","recordId":"run-c30c425d-0f37-4ecc-94c4-92865e9fba17\#000008"}
# Subtest: POST /hima/api/runs/<id>/resume clears a blocker behind the session fence, the run view carries the blocker, and a run that is not waiting is a coded refusal
ok 42 - POST /hima/api/runs/<id>/resume clears a blocker behind the session fence, the run view carries the blocker, and a run that is not waiting is a coded refusal
  ---
  duration_ms: 4498.377583
  type: 'test'
  ...
# Subtest: the site's job cap holds across runs: a second run records waiting-for-slot, launches only once the first job has finished, and both complete
ok 43 - the site's job cap holds across runs: a second run records waiting-for-slot, launches only once the first job has finished, and both complete
  ---
  duration_ms: 24007.252625
  type: 'test'
  ...
# the queued run waited: site local is running 1 job against a cap of 1; this node waits for a slot
# the slot was released at 2026-09-11T09:29:25.618Z and the queued run launched at 2026-09-11T09:29:25.664Z
# Subtest: attempts survive a host restart: a run blocked after two attempts is resumed on a freshly booted host and its next attempt is the third
ok 44 - attempts survive a host restart: a run blocked after two attempts is resumed on a freshly booted host and its next attempt is the third
  ---
  duration_ms: 4111.546583
  type: 'test'
  ...
# run run-6cc5be53-e2be-42af-86a6-6bd8997bd913 of campaign opene902-timing-probe-20260911-092937-7e55 on site local: waiting, generation 1 of at most 1
#   workspace: /private/tmp/hima-tests-F2eBR1/hima-home-NmglIs/workspace/opene902-timing-probe-20260911-092937-7e55
#   goal: clock period at most 2 ns
#   strategy: clock period 2 ns
#   budget: time box 60 min, retry allowance 2, at most 1 generation, job cap 1, licences Design-Compiler 1
#   current node: blocked
#   meters:
#     elapsed 2.4 s of a time box of 60.0 min
#     generation 1 of at most 1, 2.3 s
#     2 jobs launched, at most 1 job at a time
#     synthesize: attempt 2 of a retry allowance of 2, and 3 attempts in the campaign so far
#     Design-Compiler 0 seats of 1 declared, held for 2.2 s
#   nodes:
#     synthesize (act): blocked, attempt 2, session hima-6cc5be53-synthesize-be10d3 holding Design-Compiler 1, job "synthesize" in tmux session hima-6cc5be53-synthesize-be10d3 exited 2; node synthesize has now failed 2 times and spent its retry allowance of 2
#     blocked (wait): blocked, attempt 1, this pack routes a hard-blocker here; the Run waits for a person to clear it
#   blocker: synthesize after 2 attempts, last exit 2, 3 lines of log on record run-6cc5be53-e2be-42af-86a6-6bd8997bd913\#000009: job "synthesize" in tmux session hima-6cc5be53-synthesize-be10d3 exited 2; node synthesize has now failed 2 times and spent its retry allowance of 2
# resumed run-6cc5be53-e2be-42af-86a6-6bd8997bd913 at node synthesize; recorded as run-6cc5be53-e2be-42af-86a6-6bd8997bd913\#000012
# run run-6cc5be53-e2be-42af-86a6-6bd8997bd913 of campaign opene902-timing-probe-20260911-092937-7e55 on site local: ended-budget-exhausted, generation 1 of at most 1
#   workspace: /private/tmp/hima-tests-F2eBR1/hima-home-NmglIs/workspace/opene902-timing-probe-20260911-092937-7e55
#   goal: clock period at most 2 ns
#   strategy: clock period 2 ns
#   budget: time box 60 min, retry allowance 2, at most 1 generation, job cap 1, licences Design-Compiler 1
#   current node: next-period
#   meters:
#     elapsed 3.9 s of a time box of 60.0 min, 185 ms of it waiting on a person, which widens the box by as much
#     generation 1 of at most 1, 3.9 s
#     3 jobs launched, at most 1 job at a time
#     next-period: attempt 1 of a retry allowance of 2, and 7 attempts in the campaign so far
#     Design-Compiler 0 seats of 1 declared, held for 3.2 s
#     ended by the generation limit
#   nodes:
#     synthesize (act): done, attempt 3, session hima-6cc5be53-synthesize-fb796c holding Design-Compiler 1
#     blocked (wait): blocked, attempt 1, this pack routes a hard-blocker here; the Run waits for a person to clear it
#     read-qor (act): done, attempt 1
#     judge (judge): done, attempt 1, FAIL
#     next-period (explore): done, attempt 1
#   blocker: synthesize after 2 attempts, last exit 2, 3 lines of log on record run-6cc5be53-e2be-42af-86a6-6bd8997bd913\#000009: job "synthesize" in tmux session hima-6cc5be53-synthesize-be10d3 exited 2; node synthesize has now failed 2 times and spent its retry allowance of 2
#   resumed: synthesize by session-2a80d3f7-09f8-423f-b981-a51b51bf245d at 2026-09-11T09:29:40.003Z
#   decision: next-period chose clock period 2.15 ns by over-constraining-push, citing run-6cc5be53-e2be-42af-86a6-6bd8997bd913\#000021, run-6cc5be53-e2be-42af-86a6-6bd8997bd913\#000022, run-6cc5be53-e2be-42af-86a6-6bd8997bd913\#000018, from period 2, slack -0.2, stepNs 0.05
#   experience: written at 2026-09-11T09:29:41.421Z
#     markdown: /private/tmp/hima-tests-F2eBR1/hima-home-NmglIs/workspace/opene902-timing-probe-20260911-092937-7e55/hima-experience/run-6cc5be53-e2be-42af-86a6-6bd8997bd913.md · sha256 e0a267fa9a4bd71061e5826f31a751aac9a7cca36b42fb22d93b48a607716abf · 2408 bytes
#     json: /private/tmp/hima-tests-F2eBR1/hima-home-NmglIs/workspace/opene902-timing-probe-20260911-092937-7e55/hima-experience/run-6cc5be53-e2be-42af-86a6-6bd8997bd913.json · sha256 e883c77432357ee234db1e31c32aa1936a41e9b8e257f851d64d5a78a9d3d050 · 3333 bytes
# Subtest: a job whose tmux session vanishes is retried at once: the slot its own corpse holds is not counted against it
ok 45 - a job whose tmux session vanishes is retried at once: the slot its own corpse holds is not counted against it
  ---
  duration_ms: 9399.830375
  type: 'test'
  ...
# ending the session of run-f2b824d2-ebd6-4bd5-b6f3-82ce1d17237a's first job: hima-f2b824d2-synthesize-4b6b99
# run run-f2b824d2-ebd6-4bd5-b6f3-82ce1d17237a of campaign opene902-timing-probe-20260911-092941-8ffe on site local: ended-budget-exhausted, generation 1 of at most 1
#   workspace: /private/tmp/hima-tests-F2eBR1/hima-home-gacQ6O/workspace/opene902-timing-probe-20260911-092941-8ffe
#   goal: clock period at most 2 ns
#   strategy: clock period 2 ns
#   budget: time box 0.5 min, retry allowance 3, at most 1 generation, job cap 1, licences Design-Compiler 1
#   current node: next-period
#   meters:
#     elapsed 9.2 s of a time box of 30.0 s
#     generation 1 of at most 1, 9.1 s
#     2 jobs launched, at most 1 job at a time
#     next-period: attempt 1 of a retry allowance of 3, and 5 attempts in the campaign so far
#     Design-Compiler 1 seat of 1 declared, held for 8.8 s
#     ended by the generation limit
#   nodes:
#     synthesize (act): done, attempt 2, session hima-f2b824d2-synthesize-278c80 holding Design-Compiler 1
#     read-qor (act): done, attempt 1
#     judge (judge): done, attempt 1, FAIL
#     next-period (explore): done, attempt 1
#   decision: next-period chose clock period 2.15 ns by over-constraining-push, citing run-f2b824d2-ebd6-4bd5-b6f3-82ce1d17237a\#000013, run-f2b824d2-ebd6-4bd5-b6f3-82ce1d17237a\#000014, run-f2b824d2-ebd6-4bd5-b6f3-82ce1d17237a\#000010, from period 2, slack -0.2, stepNs 0.05
#   experience: written at 2026-09-11T09:29:50.814Z
#     markdown: /private/tmp/hima-tests-F2eBR1/hima-home-gacQ6O/workspace/opene902-timing-probe-20260911-092941-8ffe/hima-experience/run-f2b824d2-ebd6-4bd5-b6f3-82ce1d17237a.md · sha256 0322c38853f28ca9500bcec4d92f6d248f49d6e521df6e59a5ffd7eb6df3aade · 1659 bytes
#     json: /private/tmp/hima-tests-F2eBR1/hima-home-gacQ6O/workspace/opene902-timing-probe-20260911-092941-8ffe/hima-experience/run-f2b824d2-ebd6-4bd5-b6f3-82ce1d17237a.json · sha256 58a9fad4240d248679322190d5f248650c9f8d8661949d37aea17ec16a1ec020 · 2317 bytes
# Subtest: two runs started in the same instant do not both launch past a cap of one: the check and the launch are one step per site
ok 46 - two runs started in the same instant do not both launch past a cap of one: the check and the launch are one step per site
  ---
  duration_ms: 17096.510959
  type: 'test'
  ...
# run run-dd112651-37f8-4519-8265-c9e24a2c97eb of campaign opene902-timing-probe-20260911-092950-40a5 on site local: ended-budget-exhausted, generation 1 of at most 1
#   workspace: /private/tmp/hima-tests-F2eBR1/hima-home-dytBgr/workspace/opene902-timing-probe-20260911-092950-40a5
#   goal: clock period at most 2 ns
#   strategy: clock period 2 ns
#   budget: time box 0.7 min, retry allowance 3, at most 1 generation, job cap 1, licences Design-Compiler 1
#   current node: next-period
#   meters:
#     elapsed 8.7 s of a time box of 42.0 s
#     generation 1 of at most 1, 8.6 s
#     1 job launched, at most 1 job at a time
#     next-period: attempt 1 of a retry allowance of 3, and 4 attempts in the campaign so far
#     Design-Compiler 0 seats of 1 declared, held for 8.2 s
#     ended by the generation limit
#   nodes:
#     synthesize (act): done, attempt 1, session hima-dd112651-synthesize-ba6fa2 holding Design-Compiler 1
#     read-qor (act): done, attempt 1
#     judge (judge): done, attempt 1, FAIL
#     next-period (explore): done, attempt 1
#   decision: next-period chose clock period 2.15 ns by over-constraining-push, citing run-dd112651-37f8-4519-8265-c9e24a2c97eb\#000011, run-dd112651-37f8-4519-8265-c9e24a2c97eb\#000012, run-dd112651-37f8-4519-8265-c9e24a2c97eb\#000008, from period 2, slack -0.2, stepNs 0.05
#   experience: written at 2026-09-11T09:29:59.669Z
#     markdown: /private/tmp/hima-tests-F2eBR1/hima-home-dytBgr/workspace/opene902-timing-probe-20260911-092950-40a5/hima-experience/run-dd112651-37f8-4519-8265-c9e24a2c97eb.md · sha256 9dd8607568ef8b9f2a9813c3eb7761a4136d6d921ff1b7743a9fe91f20fd46e4 · 1659 bytes
#     json: /private/tmp/hima-tests-F2eBR1/hima-home-dytBgr/workspace/opene902-timing-probe-20260911-092950-40a5/hima-experience/run-dd112651-37f8-4519-8265-c9e24a2c97eb.json · sha256 d30ee5fba0280d715bcec47da18e74fb79fad2059b1d2f362ccd1af76be86bcc · 2317 bytes
# run run-62b55b0f-ec51-467c-b743-d19f5f198df2 of campaign opene902-timing-probe-20260911-092950-bc64 on site local: ended-budget-exhausted, generation 1 of at most 1
#   workspace: /private/tmp/hima-tests-F2eBR1/hima-home-dytBgr/workspace/opene902-timing-probe-20260911-092950-bc64
#   goal: clock period at most 2 ns
#   strategy: clock period 2 ns
#   budget: time box 0.7 min, retry allowance 3, at most 1 generation, job cap 1, licences Design-Compiler 1
#   current node: next-period
#   meters:
#     elapsed 16.9 s of a time box of 42.0 s
#     generation 1 of at most 1, 16.8 s
#     1 job launched, at most 1 job at a time
#     next-period: attempt 1 of a retry allowance of 3, and 4 attempts in the campaign so far
#     Design-Compiler 0 seats of 1 declared, held for 8.2 s
#     ended by the generation limit
#   nodes:
#     synthesize (act): done, attempt 1, session hima-62b55b0f-synthesize-565c27 holding Design-Compiler 1
#     read-qor (act): done, attempt 1
#     judge (judge): done, attempt 1, FAIL
#     next-period (explore): done, attempt 1
#   decision: next-period chose clock period 2.15 ns by over-constraining-push, citing run-62b55b0f-ec51-467c-b743-d19f5f198df2\#000011, run-62b55b0f-ec51-467c-b743-d19f5f198df2\#000012, run-62b55b0f-ec51-467c-b743-d19f5f198df2\#000008, from period 2, slack -0.2, stepNs 0.05
#   experience: written at 2026-09-11T09:30:07.918Z
#     markdown: /private/tmp/hima-tests-F2eBR1/hima-home-dytBgr/workspace/opene902-timing-probe-20260911-092950-bc64/hima-experience/run-62b55b0f-ec51-467c-b743-d19f5f198df2.md · sha256 3f9aabbf25e130cef386210d2309fa3df231b032b179e623c47edd765de7ae37 · 1663 bytes
#     json: /private/tmp/hima-tests-F2eBR1/hima-home-dytBgr/workspace/opene902-timing-probe-20260911-092950-bc64/hima-experience/run-62b55b0f-ec51-467c-b743-d19f5f198df2.json · sha256 86d75a3c301b50cb2af476bab9dac25d24c0667b16b1f50c8fa244e98f16673d · 2349 bytes
# the slot was released at 2026-09-11T09:29:59.348Z and the queued run launched at 2026-09-11T09:29:59.409Z
# Subtest: a run resumed after its time box would have run out still gets its generation: the box meters the design, not the person
ok 47 - a run resumed after its time box would have run out still gets its generation: the box meters the design, not the person
  ---
  duration_ms: 8738.295167
  type: 'test'
  ...
# run run-a3992288-5f65-455b-8de8-53f55b50a825 of campaign opene902-timing-probe-20260911-093008-7a7b on site local: waiting, generation 1 of at most 1
#   workspace: /private/tmp/hima-tests-F2eBR1/hima-home-zBjhXA/workspace/opene902-timing-probe-20260911-093008-7a7b
#   goal: clock period at most 2 ns
#   strategy: clock period 2 ns
#   budget: time box 0.1 min, retry allowance 3, at most 1 generation, job cap 1, licences Design-Compiler 1
#   current node: blocked
#   meters:
#     elapsed 421 ms of a time box of 6.0 s
#     generation 1 of at most 1, 348 ms
#     3 jobs launched, at most 1 job at a time
#     synthesize: attempt 3 of a retry allowance of 3, and 4 attempts in the campaign so far
#     Design-Compiler 0 seats of 1 declared, held for 142 ms
#   nodes:
#     synthesize (act): blocked, attempt 3, session hima-a3992288-synthesize-5684c0 holding Design-Compiler 1, job "synthesize" in tmux session hima-a3992288-synthesize-5684c0 exited 2; node synthesize has now failed 3 times and spent its retry allowance of 3
#     blocked (wait): blocked, attempt 1, this pack routes a hard-blocker here; the Run waits for a person to clear it
#   blocker: synthesize after 3 attempts, last exit 2, 3 lines of log on record run-a3992288-5f65-455b-8de8-53f55b50a825\#000013: job "synthesize" in tmux session hima-a3992288-synthesize-5684c0 exited 2; node synthesize has now failed 3 times and spent its retry allowance of 3
# the run blocked 434 ms into a 6000 ms box
# resumed run-a3992288-5f65-455b-8de8-53f55b50a825 at node synthesize; recorded as run-a3992288-5f65-455b-8de8-53f55b50a825\#000016
# run run-a3992288-5f65-455b-8de8-53f55b50a825 of campaign opene902-timing-probe-20260911-093008-7a7b on site local: ended-budget-exhausted, generation 1 of at most 1
#   workspace: /private/tmp/hima-tests-F2eBR1/hima-home-zBjhXA/workspace/opene902-timing-probe-20260911-093008-7a7b
#   goal: clock period at most 2 ns
#   strategy: clock period 2 ns
#   budget: time box 0.1 min, retry allowance 3, at most 1 generation, job cap 1, licences Design-Compiler 1
#   current node: next-period
#   meters:
#     elapsed 8.5 s of a time box of 6.0 s, 7.7 s of it waiting on a person, which widens the box by as much
#     generation 1 of at most 1, 8.5 s
#     5 jobs launched, at most 1 job at a time
#     next-period: attempt 1 of a retry allowance of 3, and 9 attempts in the campaign so far
#     Design-Compiler 0 seats of 1 declared, held for 235 ms
#     ended by the generation limit
#   nodes:
#     synthesize (act): done, attempt 5, session hima-a3992288-synthesize-823ad9 holding Design-Compiler 1
#     blocked (wait): blocked, attempt 1, this pack routes a hard-blocker here; the Run waits for a person to clear it
#     read-qor (act): done, attempt 1
#     judge (judge): done, attempt 1, FAIL
#     next-period (explore): done, attempt 1
#   blocker: synthesize after 3 attempts, last exit 2, 3 lines of log on record run-a3992288-5f65-455b-8de8-53f55b50a825\#000013: job "synthesize" in tmux session hima-a3992288-synthesize-5684c0 exited 2; node synthesize has now failed 3 times and spent its retry allowance of 3
#   resumed: synthesize by session-04956b28-bd18-4bfd-88d6-c83958f9fd64 at 2026-09-11T09:30:16.156Z
#   decision: next-period chose clock period 2.15 ns by over-constraining-push, citing run-a3992288-5f65-455b-8de8-53f55b50a825\#000029, run-a3992288-5f65-455b-8de8-53f55b50a825\#000030, run-a3992288-5f65-455b-8de8-53f55b50a825\#000026, from period 2, slack -0.2, stepNs 0.05
#   experience: written at 2026-09-11T09:30:16.639Z
#     markdown: /private/tmp/hima-tests-F2eBR1/hima-home-zBjhXA/workspace/opene902-timing-probe-20260911-093008-7a7b/hima-experience/run-a3992288-5f65-455b-8de8-53f55b50a825.md · sha256 5099a1a52eb2fc607594fd92b900c0b38c3cb3a70acd48e6ac62e5d192cee00a · 2405 bytes
#     json: /private/tmp/hima-tests-F2eBR1/hima-home-zBjhXA/workspace/opene902-timing-probe-20260911-093008-7a7b/hima-experience/run-a3992288-5f65-455b-8de8-53f55b50a825.json · sha256 028a59af65d7b1e0f75c9639ce4feceb07605efa9123016c1f097971a28ae090 · 3330 bytes
# Subtest: a job launched by hand holds the site's only slot, is refused a second one, and releases it without anyone asking its status
ok 48 - a job launched by hand holds the site's only slot, is refused a second one, and releases it without anyone asking its status
  ---
  duration_ms: 8861.359667
  type: 'test'
  ...
# launched "hold-slot" on local as tmux session hima-dad551dd-hold-slot-e6bd4d (pid 78319) in /private/tmp/hima-tests-F2eBR1/hima-home-d3riSz/workspace: 'sh' '/private/tmp/hima-tests-F2eBR1/hima-home-d3riSz/workspace/hold-slot.sh' > '/private/tmp/hima-tests-F2eBR1/hima-home-d3riSz/workspace/hima-dad551dd-hold-slot-e6bd4d.log' 2>&1; printf '%s\\n' "$?" > '/private/tmp/hima-tests-F2eBR1/hima-home-d3riSz/workspace/hima-dad551dd-hold-slot-e6bd4d.exit'; recorded as run-dad551dd-b469-4b1a-86a2-ed62f8e86001\#000001 in run-dad551dd-b469-4b1a-86a2-ed62f8e86001
# refused to launch on local: the site is running 1 job against a cap of 1, held by "hold-slot" in tmux session hima-dad551dd-hold-slot-e6bd4d of run-dad551dd-b469-4b1a-86a2-ed62f8e86001; wait for one to end, or stop one with /hima job kill
# run run-26752a1b-f0a6-4aaf-b2d5-15596d2b0d5b of campaign opene902-timing-probe-20260911-093016-fa29 on site local: ended-budget-exhausted, generation 1 of at most 1
#   workspace: /private/tmp/hima-tests-F2eBR1/hima-home-d3riSz/workspace/opene902-timing-probe-20260911-093016-fa29
#   goal: clock period at most 2 ns
#   strategy: clock period 2 ns
#   budget: time box 0.7 min, retry allowance 3, at most 1 generation, job cap 1, licences Design-Compiler 1
#   current node: next-period
#   meters:
#     elapsed 8.6 s of a time box of 42.0 s
#     generation 1 of at most 1, 8.6 s
#     1 job launched, at most 1 job at a time
#     next-period: attempt 1 of a retry allowance of 3, and 4 attempts in the campaign so far
#     Design-Compiler 0 seats of 1 declared, held for 47 ms
#     ended by the generation limit
#   nodes:
#     synthesize (act): done, attempt 1, session hima-26752a1b-synthesize-7501c0 holding Design-Compiler 1
#     read-qor (act): done, attempt 1
#     judge (judge): done, attempt 1, FAIL
#     next-period (explore): done, attempt 1
#   decision: next-period chose clock period 2.15 ns by over-constraining-push, citing run-26752a1b-f0a6-4aaf-b2d5-15596d2b0d5b\#000011, run-26752a1b-f0a6-4aaf-b2d5-15596d2b0d5b\#000012, run-26752a1b-f0a6-4aaf-b2d5-15596d2b0d5b\#000008, from period 2, slack -0.2, stepNs 0.05
#   experience: written at 2026-09-11T09:30:25.524Z
#     markdown: /private/tmp/hima-tests-F2eBR1/hima-home-d3riSz/workspace/opene902-timing-probe-20260911-093016-fa29/hima-experience/run-26752a1b-f0a6-4aaf-b2d5-15596d2b0d5b.md · sha256 fe467b4927ae5e9ff6fbf3fb9e20727852e85d25b144b1dddb92ee457dbf3c55 · 1659 bytes
#     json: /private/tmp/hima-tests-F2eBR1/hima-home-d3riSz/workspace/opene902-timing-probe-20260911-093016-fa29/hima-experience/run-26752a1b-f0a6-4aaf-b2d5-15596d2b0d5b.json · sha256 a5756675db3f4862b51a8cc164dea06b2c99b9e3ac30ad6669db1fa5aa588e85 · 2344 bytes
# the hand-launched job released the slot at 2026-09-11T09:30:25.172Z and the run launched at 2026-09-11T09:30:25.218Z
# Subtest: a case variant of the site name is refused as an unknown site before the cap it would have collided with is ever asked: `/hima job launch LOCAL` is not a second slot on `local`
ok 49 - a case variant of the site name is refused as an unknown site before the cap it would have collided with is ever asked: `/hima job launch LOCAL` is not a second slot on `local`
  ---
  duration_ms: 192.986625
  type: 'test'
  ...
# launched "one" on local as tmux session hima-aca1262a-one-b98097 (pid 79040) in /private/tmp/hima-tests-F2eBR1/hima-home-pQhsJ4/workspace: 'sh' '/private/tmp/hima-tests-F2eBR1/hima-home-pQhsJ4/workspace/hold-slot.sh' > '/private/tmp/hima-tests-F2eBR1/hima-home-pQhsJ4/workspace/hima-aca1262a-one-b98097.log' 2>&1; printf '%s\\n' "$?" > '/private/tmp/hima-tests-F2eBR1/hima-home-pQhsJ4/workspace/hima-aca1262a-one-b98097.exit'; recorded as run-aca1262a-29cc-4779-9b2e-f32ecf6071c2\#000001 in run-aca1262a-29cc-4779-9b2e-f32ecf6071c2
# Subtest: a waiting run whose box was spent when it stopped is refused a resume in the same words by the command and the route, and nothing is written
ok 50 - a waiting run whose box was spent when it stopped is refused a resume in the same words by the command and the route, and nothing is written
  ---
  duration_ms: 9807.416792
  type: 'test'
  ...
# run run-3eef202a-abcf-4ef8-b3d3-66bbd22ead92 stopped at node read-qor: EISDIR: illegal operation on a directory, read
# run run-3eef202a-abcf-4ef8-b3d3-66bbd22ead92 of campaign reads-a-directory-20260911-093025-a9e1 on site local: waiting, generation 1 of at most 6
#   workspace: /private/tmp/hima-tests-F2eBR1/hima-home-M6vfzs/workspace/reads-a-directory-20260911-093025-a9e1
#   goal: clock period at most 2 ns
#   strategy: clock period 2 ns
#   budget: time box 0.1 min, retry allowance 3, at most 6 generations, job cap 1, licences Design-Compiler 1
#   current node: read-qor
#   meters:
#     elapsed 227 ms of a time box of 6.0 s
#     generation 1 of at most 6, 154 ms
#     1 job launched, at most 1 job at a time
#     read-qor: attempt 1 of a retry allowance of 3, and 2 attempts in the campaign so far
#     Design-Compiler 0 seats of 1 declared, held for 45 ms
#   nodes:
#     synthesize (act): done, attempt 1, session hima-3eef202a-synthesize-575ddd holding Design-Compiler 1
#     read-qor (act): blocked, attempt 1, EISDIR: illegal operation on a directory, read
# cannot resume run-3eef202a-abcf-4ef8-b3d3-66bbd22ead92: run run-3eef202a-abcf-4ef8-b3d3-66bbd22ead92 had already spent its time box of 6000 ms when it stopped, so resuming it could only end it as ended-budget-exhausted; start a fresh run instead; nothing was written
# {"kind":"unresumable","runId":"run-3eef202a-abcf-4ef8-b3d3-66bbd22ead92","reason":"run run-3eef202a-abcf-4ef8-b3d3-66bbd22ead92 had already spent its time box of 6000 ms when it stopped, so resuming it could only end it as ended-budget-exhausted; start a fresh run instead; nothing was written"}
# Subtest: a run on the local site executes launch, read, judge, decide in one generation, and ends at the generation it was allowed with the next strategy recorded
ok 51 - a run on the local site executes launch, read, judge, decide in one generation, and ends at the generation it was allowed with the next strategy recorded
  ---
  duration_ms: 3930.518041
  type: 'test'
  ...
# run run-764179ed-286d-41ed-b942-b6492ef48b98 of campaign opene902-timing-probe-20260911-093036-4330 on site local: ended-budget-exhausted, generation 1 of at most 1
#   workspace: /private/tmp/hima-tests-F2eBR1/hima-home-UanObl/workspace/opene902-timing-probe-20260911-093036-4330
#   goal: clock period at most 2 ns
#   strategy: clock period 2 ns
#   budget: time box 60 min, retry allowance 3, at most 1 generation, job cap 1, licences Design-Compiler 1
#   current node: next-period
#   meters:
#     elapsed 3.5 s of a time box of 60.0 min
#     generation 1 of at most 1, 3.4 s
#     1 job launched, at most 1 job at a time
#     next-period: attempt 1 of a retry allowance of 3, and 4 attempts in the campaign so far
#     Design-Compiler 0 seats of 1 declared, held for 3.1 s
#     ended by the generation limit
#   nodes:
#     synthesize (act): done, attempt 1, session hima-764179ed-synthesize-f94d1e holding Design-Compiler 1
#     read-qor (act): done, attempt 1
#     judge (judge): done, attempt 1, FAIL
#     next-period (explore): done, attempt 1
#   decision: next-period chose clock period 2.15 ns by over-constraining-push, citing run-764179ed-286d-41ed-b942-b6492ef48b98\#000010, run-764179ed-286d-41ed-b942-b6492ef48b98\#000011, run-764179ed-286d-41ed-b942-b6492ef48b98\#000007, from period 2, slack -0.2, stepNs 0.05
#   experience: written at 2026-09-11T09:30:39.570Z
#     markdown: /private/tmp/hima-tests-F2eBR1/hima-home-UanObl/workspace/opene902-timing-probe-20260911-093036-4330/hima-experience/run-764179ed-286d-41ed-b942-b6492ef48b98.md · sha256 a99395baff26a284162223f3b2f99dfb3c73b1829f855d0ca7c93d98d1ee7e22 · 1661 bytes
#     json: /private/tmp/hima-tests-F2eBR1/hima-home-UanObl/workspace/opene902-timing-probe-20260911-093036-4330/hima-experience/run-764179ed-286d-41ed-b942-b6492ef48b98.json · sha256 0102438d6a07d85aee887dc4bb43fe72a5b6c08f8b6c8ce30fdbae8e87b3c9a6 · 2319 bytes
# Subtest: a run whose generation already meets the goal ends goal-met, with no next strategy chosen
ok 52 - a run whose generation already meets the goal ends goal-met, with no next strategy chosen
  ---
  duration_ms: 3692.374583
  type: 'test'
  ...
# Subtest: a spent time box kills the running job, leaves no tmux session, and ends the run budget-exhausted naming the meter
ok 53 - a spent time box kills the running job, leaves no tmux session, and ends the run budget-exhausted naming the meter
  ---
  duration_ms: 5533.0675
  type: 'test'
  ...
# run run-a0fd628a-d2da-4ebf-97f7-b05c4c37e9df of campaign opene902-timing-probe-20260911-093043-c9c5 on site local: ended-budget-exhausted, generation 1 of at most 6
#   workspace: /private/tmp/hima-tests-F2eBR1/hima-home-C4EhYX/workspace/opene902-timing-probe-20260911-093043-c9c5
#   goal: clock period at most 2 ns
#   strategy: clock period 2 ns
#   budget: time box 0.0833 min, retry allowance 3, at most 6 generations, job cap 1, licences Design-Compiler 1
#   current node: synthesize
#   meters:
#     elapsed 5.4 s of a time box of 5.0 s
#     generation 1 of at most 6, 5.3 s
#     1 job launched, at most 1 job at a time
#     synthesize: attempt 1 of a retry allowance of 3, and 1 attempt in the campaign so far
#     Design-Compiler 0 seats of 1 declared, held for 5.2 s
#     ended by the time box
#   nodes:
#     synthesize (act): cancelled, attempt 1, session hima-a0fd628a-synthesize-ca054c holding Design-Compiler 1
#   experience: written at 2026-09-11T09:30:48.803Z
#     markdown: /private/tmp/hima-tests-F2eBR1/hima-home-C4EhYX/workspace/opene902-timing-probe-20260911-093043-c9c5/hima-experience/run-a0fd628a-d2da-4ebf-97f7-b05c4c37e9df.md · sha256 7275c6458fafefd35d8d354739b87738338c51225677a02029293a90d8730964 · 1347 bytes
#     json: /private/tmp/hima-tests-F2eBR1/hima-home-C4EhYX/workspace/opene902-timing-probe-20260911-093043-c9c5/hima-experience/run-a0fd628a-d2da-4ebf-97f7-b05c4c37e9df.json · sha256 03b18fd86788a107fa781097174220508802a900a993ca516e314a6217b04c29 · 1321 bytes
# Subtest: a run of a pack naming a chooser this harness does not ship is refused before a campaign exists
ok 54 - a run of a pack naming a chooser this harness does not ship is refused before a campaign exists
  ---
  duration_ms: 140.364208
  type: 'test'
  ...
# Subtest: an act node naming an argument the Run cannot bind blocks with a reason naming it, and launches nothing
ok 55 - an act node naming an argument the Run cannot bind blocks with a reason naming it, and launches nothing
  ---
  duration_ms: 214.952125
  type: 'test'
  ...
# run run-2f06bf14-778c-430a-951b-e0e472858a91 of campaign unbindable-argument-20260911-093049-7a82 on site local: waiting, generation 1 of at most 6
#   workspace: /private/tmp/hima-tests-F2eBR1/hima-home-jcBaU0/workspace/unbindable-argument-20260911-093049-7a82
#   goal: clock period at most 2 ns
#   strategy: clock period 2 ns
#   budget: time box 60 min, retry allowance 3, at most 6 generations, job cap 1, licences Design-Compiler 1
#   current node: synthesize
#   meters:
#     elapsed 92 ms of a time box of 60.0 min
#     generation 1 of at most 6, 24 ms
#     0 jobs launched, at most 1 job at a time
#     synthesize: attempt 1 of a retry allowance of 3, and 0 attempts in the campaign so far
#     Design-Compiler 0 seats of 1 declared
#   nodes:
#     synthesize (act): blocked, attempt 1, node synthesize names argument PERIOD_NS that neither the Run's strategy nor its Goal binds: goal "no_such_knob"
# Subtest: a fault thrown mid-drive is a blocked node with the message on it, not a stack trace and a run still claiming to be running
ok 56 - a fault thrown mid-drive is a blocked node with the message on it, not a stack trace and a run still claiming to be running
  ---
  duration_ms: 3474.691334
  type: 'test'
  ...
# run run-e58f1b25-2a03-42a4-aad9-d4b919de8282 stopped at node read-qor: EISDIR: illegal operation on a directory, read
# run run-e58f1b25-2a03-42a4-aad9-d4b919de8282 of campaign reads-a-directory-20260911-093049-9197 on site local: waiting, generation 1 of at most 6
#   workspace: /private/tmp/hima-tests-F2eBR1/hima-home-fqbWGj/workspace/reads-a-directory-20260911-093049-9197
#   goal: clock period at most 2 ns
#   strategy: clock period 2 ns
#   budget: time box 60 min, retry allowance 3, at most 6 generations, job cap 1, licences Design-Compiler 1
#   current node: read-qor
#   meters:
#     elapsed 3.3 s of a time box of 60.0 min
#     generation 1 of at most 6, 3.2 s
#     1 job launched, at most 1 job at a time
#     read-qor: attempt 1 of a retry allowance of 3, and 2 attempts in the campaign so far
#     Design-Compiler 0 seats of 1 declared, held for 3.1 s
#   nodes:
#     synthesize (act): done, attempt 1, session hima-e58f1b25-synthesize-edabb6 holding Design-Compiler 1
#     read-qor (act): blocked, attempt 1, EISDIR: illegal operation on a directory, read
# Subtest: POST /hima/api/runs answers a mid-drive fault as hima/internal carrying the run id and the message
ok 57 - POST /hima/api/runs answers a mid-drive fault as hima/internal carrying the run id and the message
  ---
  duration_ms: 4995.205375
  type: 'test'
  ...
# Subtest: waiting for a long job backs off, so the launch is still in the channel's audit when the run ends
ok 58 - waiting for a long job backs off, so the launch is still in the channel's audit when the run ends
  ---
  duration_ms: 14766.283958
  type: 'test'
  ...
# 14 looks at the job over twelve seconds of synthesis
# Subtest: the hima_run tool starts the same run as the command, and answers with the run it started
ok 59 - the hima_run tool starts the same run as the command, and answers with the run it started
  ---
  duration_ms: 3662.2765
  type: 'test'
  ...
# Subtest: the command face and the tool face refuse a number the same way, in the same words, and start nothing
ok 60 - the command face and the tool face refuse a number the same way, in the same words, and start nothing
  ---
  duration_ms: 151.1755
  type: 'test'
  ...
# Subtest: a --time-box the shared validator accepts but that converts to a millisecond value the ledger schema would refuse is caught before it ever reaches the ledger, on every face, and the ledger reopens cleanly after
ok 61 - a --time-box the shared validator accepts but that converts to a millisecond value the ledger schema would refuse is caught before it ever reaches the ledger, on every face, and the ledger reopens cleanly after
  ---
  duration_ms: 210.587416
  type: 'test'
  ...
# Subtest: POST /hima/api/runs starts a run behind the session fence, and the run view carries its status, goal, strategy, budget, meters, nodes, jobs and decision
ok 62 - POST /hima/api/runs starts a run behind the session fence, and the run view carries its status, goal, strategy, budget, meters, nodes, jobs and decision
  ---
  duration_ms: 5916.134
  type: 'test'
  ...
# Subtest: /hima status reports the run's status, its current node, every node state, the meters and the decision
ok 63 - /hima status reports the run's status, its current node, every node state, the meters and the decision
  ---
  duration_ms: 3673.4425
  type: 'test'
  ...
# run run-1a87ef19-2fc5-450e-ab72-4da67628a486 of campaign opene902-timing-probe-20260911-093122-5181 on site local: ended-budget-exhausted, generation 1 of at most 1
#   workspace: /private/tmp/hima-tests-F2eBR1/hima-home-QYoMrv/workspace/opene902-timing-probe-20260911-093122-5181
#   goal: clock period at most 2 ns
#   strategy: clock period 2 ns
#   budget: time box 60 min, retry allowance 3, at most 1 generation, job cap 1, licences Design-Compiler 1
#   current node: next-period
#   meters:
#     elapsed 3.5 s of a time box of 60.0 min
#     generation 1 of at most 1, 3.4 s
#     1 job launched, at most 1 job at a time
#     next-period: attempt 1 of a retry allowance of 3, and 4 attempts in the campaign so far
#     Design-Compiler 0 seats of 1 declared, held for 3.1 s
#     ended by the generation limit
#   nodes:
#     synthesize (act): done, attempt 1, session hima-1a87ef19-synthesize-6a81ff holding Design-Compiler 1
#     read-qor (act): done, attempt 1
#     judge (judge): done, attempt 1, FAIL
#     next-period (explore): done, attempt 1
#   decision: next-period chose clock period 2.15 ns by over-constraining-push, citing run-1a87ef19-2fc5-450e-ab72-4da67628a486\#000010, run-1a87ef19-2fc5-450e-ab72-4da67628a486\#000011, run-1a87ef19-2fc5-450e-ab72-4da67628a486\#000007, from period 2, slack -0.2, stepNs 0.05
#   experience: written at 2026-09-11T09:31:26.001Z
#     markdown: /private/tmp/hima-tests-F2eBR1/hima-home-QYoMrv/workspace/opene902-timing-probe-20260911-093122-5181/hima-experience/run-1a87ef19-2fc5-450e-ab72-4da67628a486.md · sha256 797a17fcfaef7b5e6f51e771aa4ab3e530af9db4aedfba16be42b7a9b872232f · 1661 bytes
#     json: /private/tmp/hima-tests-F2eBR1/hima-home-QYoMrv/workspace/opene902-timing-probe-20260911-093122-5181/hima-experience/run-1a87ef19-2fc5-450e-ab72-4da67628a486.json · sha256 82278632e78b6128fedbebfc8c341fbd36324d1de5b08b2b23a367ee194ca53c · 2319 bytes
# Subtest: a fabric run's records and its run state read back unchanged after a host restart
ok 64 - a fabric run's records and its run state read back unchanged after a host restart
  ---
  duration_ms: 3695.797709
  type: 'test'
  ...
# Subtest: on a stand-in that reports no margin for a met period, timing-push loosens by its guard band every generation and ends at the limit, while over-constraining-push converges below the achievable period and ends goal-met when the goal is reachable
ok 65 - on a stand-in that reports no margin for a met period, timing-push loosens by its guard band every generation and ends at the limit, while over-constraining-push converges below the achievable period and ends goal-met when the goal is reachable
  ---
  duration_ms: 22166.146417
  type: 'test'
  ...
# Subtest: a poll that cannot ask the site writes nothing and keeps asking, and the run finishes when the socket comes back
ok 66 - a poll that cannot ask the site writes nothing and keeps asking, and the run finishes when the socket comes back
  ---
  duration_ms: 21240.183667
  type: 'test'
  ...
# /hima job status: cannot tell whether tmux session hima-dd525349-synthesize-f0dd50 is there on site local: error connecting to /private/tmp/hima-899c61c7/tmux-502/default (No such file or directory). The job may still be running under a tmux server nothing can reach, so nothing is claimed about it
# run run-dd525349-65e1-49d4-b5db-24101619ab18 of campaign opene902-timing-probe-20260911-093152-f14c on site local: ended-budget-exhausted, generation 1 of at most 1
#   workspace: /private/tmp/hima-tests-F2eBR1/hima-home-vV8uYA/workspace/opene902-timing-probe-20260911-093152-f14c
#   goal: clock period at most 2 ns
#   strategy: clock period 2 ns
#   budget: time box 60 min, retry allowance 3, at most 1 generation, job cap 1, licences Design-Compiler 1
#   current node: next-period
#   meters:
#     elapsed 20.6 s of a time box of 60.0 min
#     generation 1 of at most 1, 20.6 s
#     1 job launched, at most 1 job at a time
#     next-period: attempt 1 of a retry allowance of 3, and 4 attempts in the campaign so far
#     Design-Compiler 0 seats of 1 declared, held for 20.2 s
#     ended by the generation limit
#   nodes:
#     synthesize (act): done, attempt 1, session hima-dd525349-synthesize-f0dd50 holding Design-Compiler 1
#     read-qor (act): done, attempt 1
#     judge (judge): done, attempt 1, FAIL
#     next-period (explore): done, attempt 1
#   decision: next-period chose clock period 2.15 ns by over-constraining-push, citing run-dd525349-65e1-49d4-b5db-24101619ab18\#000010, run-dd525349-65e1-49d4-b5db-24101619ab18\#000011, run-dd525349-65e1-49d4-b5db-24101619ab18\#000007, from period 2, slack -0.2, stepNs 0.05
#   experience: written at 2026-09-11T09:32:13.549Z
#     markdown: /private/tmp/hima-tests-F2eBR1/hima-home-vV8uYA/workspace/opene902-timing-probe-20260911-093152-f14c/hima-experience/run-dd525349-65e1-49d4-b5db-24101619ab18.md · sha256 ff011b7859399350fcc7f2504f7e4979b188ab063de968a4020e5bd972a02ba4 · 1666 bytes
#     json: /private/tmp/hima-tests-F2eBR1/hima-home-vV8uYA/workspace/opene902-timing-probe-20260911-093152-f14c/hima-experience/run-dd525349-65e1-49d4-b5db-24101619ab18.json · sha256 3075173513f25725107f9905403cf52118afad0eb38b0dbcc4e99d7d0fed9085 · 2323 bytes
# Subtest: a socket directory that cannot be entered is a cannot-tell too, and the job is found again when it opens
ok 67 - a socket directory that cannot be entered is a cannot-tell too, and the job is found again when it opens
  ---
  duration_ms: 217.130834
  type: 'test'
  ...
# Subtest: a probe the site could never run — the command would not start, the command never answered — is a cannot-tell too
ok 68 - a probe the site could never run — the command would not start, the command never answered — is a cannot-tell too
  ---
  duration_ms: 772.707875
  type: 'test'
  ...
# Subtest: a run whose site cannot be asked is reported site-unreadable at a restart and left exactly as it was
ok 69 - a run whose site cannot be asked is reported site-unreadable at a restart and left exactly as it was
  ---
  duration_ms: 896.813417
  type: 'test'
  ...
# running hima-dc815978-synthesize-466bd1 in run-dc815978-70dd-4e55-9a7a-a0adc4965dea
# Subtest: a time box that runs out while the site cannot be asked writes the one blocker this rule adds: the kill did not take, and the run waits
ok 70 - a time box that runs out while the site cannot be asked writes the one blocker this rule adds: the kill did not take, and the run waits
  ---
  duration_ms: 11522.047708
  type: 'test'
  ...
# run run-c48d9ae8-30eb-4afa-b6b1-c96888bdb305 of campaign opene902-timing-probe-20260911-093215-63f5 on site local: waiting, generation 1 of at most 1
#   workspace: /private/tmp/hima-tests-F2eBR1/hima-home-oQcepq/workspace/opene902-timing-probe-20260911-093215-63f5
#   goal: clock period at most 2 ns
#   strategy: clock period 2 ns
#   budget: time box 0.15 min, retry allowance 3, at most 1 generation, job cap 1, licences Design-Compiler 1
#   current node: synthesize
#   meters:
#     elapsed 11.4 s of a time box of 9.0 s
#     generation 1 of at most 1, 11.3 s
#     1 job launched, at most 1 job at a time
#     synthesize: attempt 1 of a retry allowance of 3, and 1 attempt in the campaign so far
#     Design-Compiler 1 seat of 1 declared, held for 11.3 s
#   nodes:
#     synthesize (act): blocked, attempt 1, session hima-c48d9ae8-synthesize-7e886f holding Design-Compiler 1, asked to stop at the time box but the site could not be asked about its tmux session hima-c48d9ae8-synthesize-7e886f: the kill did not take, and the job may still be running on the site — cannot tell whether tmux session hima-c48d9ae8-synthesize-7e886f is there on site local: error connecting to /private/tmp/hima-0950c996/tmux-502/default (No such file or directory). The job may still be running under a tmux server nothing can reach, so nothing is claimed about it
# Subtest: a run resumed while the site cannot be asked keeps asking instead of being stranded, and carries on when the site answers
ok 71 - a run resumed while the site cannot be asked keeps asking instead of being stranded, and carries on when the site answers
  ---
  duration_ms: 20693.765166
  type: 'test'
  ...
# run run-c7e9c85e-ddd3-4951-a1a8-fe163871fc57 of campaign opene902-timing-probe-20260911-093227-c7ca on site local: waiting, generation 1 of at most 1
#   workspace: /private/tmp/hima-tests-F2eBR1/hima-home-v1FeXd/workspace/opene902-timing-probe-20260911-093227-c7ca
#   goal: clock period at most 2 ns
#   strategy: clock period 2 ns
#   budget: time box 5 min, retry allowance 1, at most 1 generation, job cap 1, licences Design-Compiler 1
#   current node: blocked
#   meters:
#     elapsed 743 ms of a time box of 5.0 min
#     generation 1 of at most 1, 670 ms
#     1 job launched, at most 1 job at a time
#     synthesize: attempt 1 of a retry allowance of 1, and 2 attempts in the campaign so far
#     Design-Compiler 1 seat of 1 declared, held for 597 ms
#   nodes:
#     synthesize (act): blocked, attempt 1, session hima-c7e9c85e-synthesize-245a43 holding Design-Compiler 1, job "synthesize" is gone: tmux session hima-c7e9c85e-synthesize-245a43 has ended and it wrote no exit status; node synthesize has now failed 1 time and spent its retry allowance of 1
#     blocked (wait): blocked, attempt 1, this pack routes a hard-blocker here; the Run waits for a person to clear it
#   blocker: synthesize after 1 attempt, 1 line of log on record run-c7e9c85e-ddd3-4951-a1a8-fe163871fc57\#000004: job "synthesize" is gone: tmux session hima-c7e9c85e-synthesize-245a43 has ended and it wrote no exit status; node synthesize has now failed 1 time and spent its retry allowance of 1
# resumed run-c7e9c85e-ddd3-4951-a1a8-fe163871fc57 at node synthesize; recorded as run-c7e9c85e-ddd3-4951-a1a8-fe163871fc57\#000007
# run run-c7e9c85e-ddd3-4951-a1a8-fe163871fc57 of campaign opene902-timing-probe-20260911-093227-c7ca on site local: ended-budget-exhausted, generation 1 of at most 1
#   workspace: /private/tmp/hima-tests-F2eBR1/hima-home-v1FeXd/workspace/opene902-timing-probe-20260911-093227-c7ca
#   goal: clock period at most 2 ns
#   strategy: clock period 2 ns
#   budget: time box 5 min, retry allowance 1, at most 1 generation, job cap 1, licences Design-Compiler 1
#   current node: next-period
#   meters:
#     elapsed 20.5 s of a time box of 5.0 min, 97 ms of it waiting on a person, which widens the box by as much
#     generation 1 of at most 1, 20.4 s
#     2 jobs launched, at most 1 job at a time
#     next-period: attempt 1 of a retry allowance of 1, and 6 attempts in the campaign so far
#     Design-Compiler 1 seat of 1 declared, held for 11.8 s
#     ended by the generation limit
#   nodes:
#     synthesize (act): done, attempt 2, session hima-c7e9c85e-synthesize-cd2f4f holding Design-Compiler 1
#     blocked (wait): blocked, attempt 1, this pack routes a hard-blocker here; the Run waits for a person to clear it
#     read-qor (act): done, attempt 1
#     judge (judge): done, attempt 1, FAIL
#     next-period (explore): done, attempt 1
#   blocker: synthesize after 1 attempt, 1 line of log on record run-c7e9c85e-ddd3-4951-a1a8-fe163871fc57\#000004: job "synthesize" is gone: tmux session hima-c7e9c85e-synthesize-245a43 has ended and it wrote no exit status; node synthesize has now failed 1 time and spent its retry allowance of 1
#   resumed: synthesize by session-13018b45-f4a6-41d1-bbc7-e44d06995c5a at 2026-09-11T09:32:27.915Z
#   decision: next-period chose clock period 2.15 ns by over-constraining-push, citing run-c7e9c85e-ddd3-4951-a1a8-fe163871fc57\#000016, run-c7e9c85e-ddd3-4951-a1a8-fe163871fc57\#000017, run-c7e9c85e-ddd3-4951-a1a8-fe163871fc57\#000013, from period 2, slack -0.2, stepNs 0.05
#   experience: written at 2026-09-11T09:32:47.660Z
#     markdown: /private/tmp/hima-tests-F2eBR1/hima-home-v1FeXd/workspace/opene902-timing-probe-20260911-093227-c7ca/hima-experience/run-c7e9c85e-ddd3-4951-a1a8-fe163871fc57.md · sha256 fc23cd24469c4683400b8a95c5d9af35ccb40b0eb797f42c83c41795d548eab8 · 2172 bytes
#     json: /private/tmp/hima-tests-F2eBR1/hima-home-v1FeXd/workspace/opene902-timing-probe-20260911-093227-c7ca/hima-experience/run-c7e9c85e-ddd3-4951-a1a8-fe163871fc57.json · sha256 23375b690da72efd419567f925a646e5f124ccec489dbe8c0196319749ae709f · 3082 bytes
# Subtest: a first launch onto a site whose slots cannot be counted is asked again, not blocked: nothing of that run is written until it launches
ok 72 - a first launch onto a site whose slots cannot be counted is asked again, not blocked: nothing of that run is written until it launches
  ---
  duration_ms: 20991.376917
  type: 'test'
  ...
# run run-8255925a-521f-47a4-947e-bafbce2803f6 of campaign opene902-timing-probe-20260911-093247-eaed on site local: ended-budget-exhausted, generation 1 of at most 1
#   workspace: /private/tmp/hima-tests-F2eBR1/hima-home-JqJYpD/workspace/opene902-timing-probe-20260911-093247-eaed
#   goal: clock period at most 2 ns
#   strategy: clock period 2 ns
#   budget: time box 60 min, retry allowance 3, at most 1 generation, job cap 1, licences Design-Compiler 1
#   current node: next-period
#   meters:
#     elapsed 20.8 s of a time box of 60.0 min
#     generation 1 of at most 1, 20.7 s
#     1 job launched, at most 1 job at a time
#     next-period: attempt 1 of a retry allowance of 3, and 4 attempts in the campaign so far
#     Design-Compiler 0 seats of 1 declared, held for 3.1 s
#     ended by the generation limit
#   nodes:
#     synthesize (act): done, attempt 1, session hima-8255925a-synthesize-6c51cf holding Design-Compiler 1
#     read-qor (act): done, attempt 1
#     judge (judge): done, attempt 1, FAIL
#     next-period (explore): done, attempt 1
#   decision: next-period chose clock period 2.15 ns by over-constraining-push, citing run-8255925a-521f-47a4-947e-bafbce2803f6\#000011, run-8255925a-521f-47a4-947e-bafbce2803f6\#000012, run-8255925a-521f-47a4-947e-bafbce2803f6\#000008, from period 2, slack -0.2, stepNs 0.05
#   experience: written at 2026-09-11T09:33:08.672Z
#     markdown: /private/tmp/hima-tests-F2eBR1/hima-home-JqJYpD/workspace/opene902-timing-probe-20260911-093247-eaed/hima-experience/run-8255925a-521f-47a4-947e-bafbce2803f6.md · sha256 c05e65d18a6d0732202cdebfda695606e9e5c5725d0d729f947443d26cd05f26 · 1665 bytes
#     json: /private/tmp/hima-tests-F2eBR1/hima-home-JqJYpD/workspace/opene902-timing-probe-20260911-093247-eaed/hima-experience/run-8255925a-521f-47a4-947e-bafbce2803f6.json · sha256 3a9cd8ef3fe94aac45f262644d23180120240a3c8e0c917b801adc85b30388eb · 2351 bytes
# Subtest: a launch that was sent and never answered is not sent again: the node blocks and the run waits for a person
ok 73 - a launch that was sent and never answered is not sent again: the node blocks and the run waits for a person
  ---
  duration_ms: 8139.148333
  type: 'test'
  ...
# run run-7d2a1c39-8ad2-4f34-a272-c4510d29e0cc stopped at node synthesize: cannot run tmux on site local: it was killed by SIGKILL
# run run-7d2a1c39-8ad2-4f34-a272-c4510d29e0cc of campaign opene902-timing-probe-20260911-093308-7f7c on site local: waiting, generation 1 of at most 1
#   workspace: /private/tmp/hima-tests-F2eBR1/hima-home-eyWSDs/workspace/opene902-timing-probe-20260911-093308-7f7c
#   goal: clock period at most 2 ns
#   strategy: clock period 2 ns
#   budget: time box 60 min, retry allowance 3, at most 1 generation, job cap 1, licences Design-Compiler 1
#   current node: synthesize
#   meters:
#     elapsed 1.5 s of a time box of 60.0 min
#     generation 1 of at most 1, 1.5 s
#     0 jobs launched, at most 1 job at a time
#     synthesize: attempt 1 of a retry allowance of 3, and 0 attempts in the campaign so far
#     Design-Compiler 0 seats of 1 declared
#   nodes:
#     synthesize (act): blocked, attempt 1, cannot run tmux on site local: it was killed by SIGKILL
# Subtest: a launch that crossed a cancel and cannot be asked to stop blocks its node and leaves the run waiting, so the next cancel asks again
ok 74 - a launch that crossed a cancel and cannot be asked to stop blocks its node and leaves the run waiting, so the next cancel asks again
  ---
  duration_ms: 5868.485084
  type: 'test'
  ...
# cancelled run run-5a7ebc0d-9af2-4586-925f-5d00d27cf37d: no job of this run was open when the request was read
# run run-5a7ebc0d-9af2-4586-925f-5d00d27cf37d of campaign opene902-timing-probe-20260911-093316-d5c0 on site local: cancelled, generation 1 of at most 1
#   workspace: /private/tmp/hima-tests-F2eBR1/hima-home-7Rm5Wa/workspace/opene902-timing-probe-20260911-093316-d5c0
#   goal: clock period at most 2 ns
#   strategy: clock period 2 ns
#   budget: time box 60 min, retry allowance 3, at most 1 generation, job cap 1, licences Design-Compiler 1
#   current node: synthesize
#   meters:
#     elapsed 664 ms of a time box of 60.0 min
#     generation 1 of at most 1, 591 ms
#     0 jobs launched, at most 1 job at a time
#     synthesize: attempt 1 of a retry allowance of 3, and 0 attempts in the campaign so far
#     Design-Compiler 0 seats of 1 declared
#     ended by a person's cancel
#   nodes:
#     synthesize (act): cancelled, attempt 1
#   cancel: asked at 2026-09-11T09:33:17.582Z, node synthesize; no job of this run was open when the request was read
#   experience: written at 2026-09-11T09:33:17.637Z
#     markdown: /private/tmp/hima-tests-F2eBR1/hima-home-7Rm5Wa/workspace/opene902-timing-probe-20260911-093316-d5c0/hima-experience/run-5a7ebc0d-9af2-4586-925f-5d00d27cf37d.md · sha256 6f501ae8cc7f962d91b8113e71c360e3c9baee66b69bb09101a0fc96ad198805 · 1537 bytes
#     json: /private/tmp/hima-tests-F2eBR1/hima-home-7Rm5Wa/workspace/opene902-timing-probe-20260911-093316-d5c0/hima-experience/run-5a7ebc0d-9af2-4586-925f-5d00d27cf37d.json · sha256 c6f58c4d85eef689ba5fa782e6ad3f2c3d529e5c6f65ff427eb0dae0e4e84fac · 1412 bytes
# run run-5a7ebc0d-9af2-4586-925f-5d00d27cf37d of campaign opene902-timing-probe-20260911-093316-d5c0 on site local: waiting, generation 1 of at most 1
#   workspace: /private/tmp/hima-tests-F2eBR1/hima-home-7Rm5Wa/workspace/opene902-timing-probe-20260911-093316-d5c0
#   goal: clock period at most 2 ns
#   strategy: clock period 2 ns
#   budget: time box 60 min, retry allowance 3, at most 1 generation, job cap 1, licences Design-Compiler 1
#   current node: synthesize
#   meters:
#     elapsed 5.6 s of a time box of 60.0 min
#     generation 1 of at most 1, 5.6 s
#     1 job launched, at most 1 job at a time
#     synthesize: attempt 1 of a retry allowance of 3, and 1 attempt in the campaign so far
#     Design-Compiler 1 seat of 1 declared, held for 57 ms
#   nodes:
#     synthesize (act): blocked, attempt 1, session hima-5a7ebc0d-synthesize-ed194d holding Design-Compiler 1, asked to stop by a cancel but the site could not be asked about its tmux session hima-5a7ebc0d-synthesize-ed194d: the kill did not take, and the job may still be running on the site — cannot run tmux on site local: it was killed by SIGKILL
#   cancel: asked at 2026-09-11T09:33:17.582Z, node synthesize; no job of this run was open when the request was read
#   experience: written at 2026-09-11T09:33:17.637Z
#     markdown: /private/tmp/hima-tests-F2eBR1/hima-home-7Rm5Wa/workspace/opene902-timing-probe-20260911-093316-d5c0/hima-experience/run-5a7ebc0d-9af2-4586-925f-5d00d27cf37d.md · sha256 6f501ae8cc7f962d91b8113e71c360e3c9baee66b69bb09101a0fc96ad198805 · 1537 bytes
#     json: /private/tmp/hima-tests-F2eBR1/hima-home-7Rm5Wa/workspace/opene902-timing-probe-20260911-093316-d5c0/hima-experience/run-5a7ebc0d-9af2-4586-925f-5d00d27cf37d.json · sha256 c6f58c4d85eef689ba5fa782e6ad3f2c3d529e5c6f65ff427eb0dae0e4e84fac · 1412 bytes
# cancelled run run-5a7ebc0d-9af2-4586-925f-5d00d27cf37d: stopped its job "synthesize" in tmux session hima-5a7ebc0d-synthesize-ed194d, recorded as run-5a7ebc0d-9af2-4586-925f-5d00d27cf37d\#000009
# run run-5a7ebc0d-9af2-4586-925f-5d00d27cf37d of campaign opene902-timing-probe-20260911-093316-d5c0 on site local: cancelled, generation 1 of at most 1
#   workspace: /private/tmp/hima-tests-F2eBR1/hima-home-7Rm5Wa/workspace/opene902-timing-probe-20260911-093316-d5c0
#   goal: clock period at most 2 ns
#   strategy: clock period 2 ns
#   budget: time box 60 min, retry allowance 3, at most 1 generation, job cap 1, licences Design-Compiler 1
#   current node: synthesize
#   meters:
#     elapsed 5.7 s of a time box of 60.0 min
#     generation 1 of at most 1, 5.7 s
#     1 job launched, at most 1 job at a time
#     synthesize: attempt 1 of a retry allowance of 3, and 1 attempt in the campaign so far
#     Design-Compiler 0 seats of 1 declared, held for 57 ms
#     ended by a person's cancel
#   nodes:
#     synthesize (act): cancelled, attempt 1, session hima-5a7ebc0d-synthesize-ed194d holding Design-Compiler 1
#   cancel: asked at 2026-09-11T09:33:17.582Z, node synthesize; no job of this run was open when the request was read
#   cancel: asked at 2026-09-11T09:33:22.630Z, node synthesize, session hima-5a7ebc0d-synthesize-ed194d; hima-5a7ebc0d-synthesize-ed194d stopped, recorded as run-5a7ebc0d-9af2-4586-925f-5d00d27cf37d\#000009
#   experience: written at 2026-09-11T09:33:17.637Z
#     markdown: /private/tmp/hima-tests-F2eBR1/hima-home-7Rm5Wa/workspace/opene902-timing-probe-20260911-093316-d5c0/hima-experience/run-5a7ebc0d-9af2-4586-925f-5d00d27cf37d.md · sha256 6f501ae8cc7f962d91b8113e71c360e3c9baee66b69bb09101a0fc96ad198805 · 1537 bytes
#     json: /private/tmp/hima-tests-F2eBR1/hima-home-7Rm5Wa/workspace/opene902-timing-probe-20260911-093316-d5c0/hima-experience/run-5a7ebc0d-9af2-4586-925f-5d00d27cf37d.json · sha256 c6f58c4d85eef689ba5fa782e6ad3f2c3d529e5c6f65ff427eb0dae0e4e84fac · 1412 bytes
# Subtest: a job that wrote its exit file settles from it even when the socket is gone for good
ok 75 - a job that wrote its exit file settles from it even when the socket is gone for good
  ---
  duration_ms: 193.483583
  type: 'test'
  ...
# Subtest: a socket directory where tmux has never run is a free session name, and the launch starts the server it will talk to
ok 76 - a socket directory where tmux has never run is a free session name, and the launch starts the server it will talk to
  ---
  duration_ms: 163.887083
  type: 'test'
  ...
# Subtest: a local job is launched detached, runs, and its exit code comes back from the exit file it wrote
ok 77 - a local job is launched detached, runs, and its exit code comes back from the exit file it wrote
  ---
  duration_ms: 4666.127083
  type: 'test'
  ...
# Subtest: a job that exits three records exit code three, not a failure of its own
ok 78 - a job that exits three records exit code three, not a failure of its own
  ---
  duration_ms: 217.755208
  type: 'test'
  ...
# Subtest: two launches of one job name in one workspace keep their own log and their own exit code
ok 79 - two launches of one job name in one workspace keep their own log and their own exit code
  ---
  duration_ms: 4416.445208
  type: 'test'
  ...
# Subtest: killing a running job leaves no session behind and records the stop that was observed
ok 80 - killing a running job leaves no session behind and records the stop that was observed
  ---
  duration_ms: 257.627958
  type: 'test'
  ...
# Subtest: a launch into a workspace outside the permit's write roots is refused before any command is run
ok 81 - a launch into a workspace outside the permit's write roots is refused before any command is run
  ---
  duration_ms: 136.379416
  type: 'test'
  ...
# Subtest: a launch whose first word is not an allowed wrapper is refused, and nothing is run at all
ok 82 - a launch whose first word is not an allowed wrapper is refused, and nothing is run at all
  ---
  duration_ms: 145.828625
  type: 'test'
  ...
# Subtest: a job name that would climb out of the workspace is made safe before it names anything
ok 83 - a job name that would climb out of the workspace is made safe before it names anything
  ---
  duration_ms: 198.198208
  type: 'test'
  ...
# Subtest: status on a session the run never launched answers gone rather than inventing a job
ok 84 - status on a session the run never launched answers gone rather than inventing a job
  ---
  duration_ms: 167.070333
  type: 'test'
  ...
# Subtest: the job plumbing the channel admits is exactly the plumbing the job operations run
ok 85 - the job plumbing the channel admits is exactly the plumbing the job operations run
  ---
  duration_ms: 0.151208
  type: 'test'
  ...
# Subtest: the channel runs its own verbs and refuses everything else, on a local site as on a remote one
ok 86 - the channel runs its own verbs and refuses everything else, on a local site as on a remote one
  ---
  duration_ms: 2.683
  type: 'test'
  ...
# Subtest: the judge rules the real opene902 setup summary by declared rules: all-paths WNS fails, reg2reg passes, each citing the observation it read
ok 87 - the judge rules the real opene902 setup summary by declared rules: all-paths WNS fails, reg2reg passes, each citing the observation it read
  ---
  duration_ms: 690.390917
  type: 'test'
  ...
# Subtest: the judge rules hold WNS on the real opene902 hold summary as PASS, citing that observation
ok 88 - the judge rules hold WNS on the real opene902 hold summary as PASS, citing that observation
  ---
  duration_ms: 195.292083
  type: 'test'
  ...
# Subtest: verdicts survive a host restart and read back unchanged, PASS and UNDETERMINED alike
ok 89 - verdicts survive a host restart and read back unchanged, PASS and UNDETERMINED alike
  ---
  duration_ms: 273.21175
  type: 'test'
  ...
# Subtest: a rule requiring a value the run never observed is UNDETERMINED naming the requirement, never PASS
ok 90 - a rule requiring a value the run never observed is UNDETERMINED naming the requirement, never PASS
  ---
  duration_ms: 203.6
  type: 'test'
  ...
# Subtest: a summary truncated inside its timing table is UNDETERMINED with the reader's own reason, never PASS
ok 91 - a summary truncated inside its timing table is UNDETERMINED with the reader's own reason, never PASS
  ---
  duration_ms: 187.694917
  type: 'test'
  ...
# Subtest: an unknown rule id is an error, never a silent pass, and writes no verdict
ok 92 - an unknown rule id is an error, never a silent pass, and writes no verdict
  ---
  duration_ms: 187.813875
  type: 'test'
  ...
# Subtest: only the judge can append a verdict: the ledger hands its capability out once and the tool face never reaches it
ok 93 - only the judge can append a verdict: the ledger hands its capability out once and the tool face never reaches it
  ---
  duration_ms: 144.395
  type: 'test'
  ...
# Subtest: one invocation of /hima observe --judge runs read, ledger, and judge, and returns the verdict with its cited record
ok 94 - one invocation of /hima observe --judge runs read, ledger, and judge, and returns the verdict with its cited record
  ---
  duration_ms: 189.259959
  type: 'test'
  ...
# Subtest: the hima_observe tool judges the rules it is given, in the same invocation, through the same service
ok 95 - the hima_observe tool judges the rules it is given, in the same invocation, through the same service
  ---
  duration_ms: 171.566083
  type: 'test'
  ...
# Subtest: --judge with no value is a usage error, not a silent pass: it never reads, never runs, and writes nothing
ok 96 - --judge with no value is a usage error, not a silent pass: it never reads, never runs, and writes nothing
  ---
  duration_ms: 162.224042
  type: 'test'
  ...
# Subtest: a malformed --param is a usage error on both /hima judge and /hima observe --judge: nothing is read, nothing is written
ok 97 - a malformed --param is a usage error on both /hima judge and /hima observe --judge: nothing is read, nothing is written
  ---
  duration_ms: 201.335417
  type: 'test'
  ...
# Subtest: a rule that declares no parameter ignores an unrelated --param entirely: same outcome, and boundParameters stays absent
ok 98 - a rule that declares no parameter ignores an unrelated --param entirely: same outcome, and boundParameters stays absent
  ---
  duration_ms: 188.342041
  type: 'test'
  ...
# Subtest: a read outside the permitted roots is refused before any read, and the refusal is recorded
ok 99 - a read outside the permitted roots is refused before any read, and the refusal is recorded
  ---
  duration_ms: 426.484833
  type: 'test'
  ...
# Subtest: a symlink that escapes the permitted roots is refused
ok 100 - a symlink that escapes the permitted roots is refused
  ---
  duration_ms: 159.466292
  type: 'test'
  ...
# Subtest: observing the same file twice into one run appends a second record with a higher sequence and leaves the first unchanged
ok 101 - observing the same file twice into one run appends a second record with a higher sequence and leaves the first unchanged
  ---
  duration_ms: 184.772375
  type: 'test'
  ...
# Subtest: an observe naming a run that does not exist is refused as the caller's mistake, and writes nothing
ok 102 - an observe naming a run that does not exist is refused as the caller's mistake, and writes nothing
  ---
  duration_ms: 135.297291
  type: 'test'
  ...
# Subtest: records survive a host restart and read back unchanged
ok 103 - records survive a host restart and read back unchanged
  ---
  duration_ms: 200.014
  type: 'test'
  ...
# Subtest: the hima_observe tool is listed for the agent and returns the same observation through the tool runtime
ok 104 - the hima_observe tool is listed for the agent and returns the same observation through the tool runtime
  ---
  duration_ms: 143.318
  type: 'test'
  ...
# Subtest: the innovus-timing-summary reader emits setup WNS/TNS, density, and an unknown clock period from the real opene902 post-route summary
ok 105 - the innovus-timing-summary reader emits setup WNS/TNS, density, and an unknown clock period from the real opene902 post-route summary
  ---
  duration_ms: 420.734208
  type: 'test'
  ...
# Subtest: the innovus-timing-summary reader emits hold WNS for both scopes from the real opene902 post-route hold summary
ok 106 - the innovus-timing-summary reader emits hold WNS for both scopes from the real opene902 post-route hold summary
  ---
  duration_ms: 153.896833
  type: 'test'
  ...
# Subtest: the innovus-verify-drc reader emits the total violation count from the real opene902 DRC report, via the hima_observe tool
ok 107 - the innovus-verify-drc reader emits the total violation count from the real opene902 DRC report, via the hima_observe tool
  ---
  duration_ms: 147.066208
  type: 'test'
  ...
# Subtest: a truncated Innovus summary, cut before the timing table, yields unknown values with a stated reason, never zero and never a default
ok 108 - a truncated Innovus summary, cut before the timing table, yields unknown values with a stated reason, never zero and never a default
  ---
  duration_ms: 147.027625
  type: 'test'
  ...
# Subtest: a report of the wrong kind is refused by the innovus-timing-summary reader, with no observation recorded
ok 109 - a report of the wrong kind is refused by the innovus-timing-summary reader, with no observation recorded
  ---
  duration_ms: 157.366625
  type: 'test'
  ...
# Subtest: a report of the wrong kind is refused by the innovus-verify-drc reader, with no observation recorded
ok 110 - a report of the wrong kind is refused by the innovus-verify-drc reader, with no observation recorded
  ---
  duration_ms: 159.167584
  type: 'test'
  ...
# Subtest: the two Innovus readers refuse each other's report kind: a real summary is not a DRC report and vice versa
ok 111 - the two Innovus readers refuse each other's report kind: a real summary is not a DRC report and vice versa
  ---
  duration_ms: 212.721083
  type: 'test'
  ...
# Subtest: /hima observe records one observation with provenance in a durable ledger
ok 112 - /hima observe records one observation with provenance in a durable ledger
  ---
  duration_ms: 460.258167
  type: 'test'
  ...
# Subtest: the shipped pack is a folder of plain files whose graph is act, act, judge, explore, with PASS and FAIL into the explore node and one revisit edge back
ok 113 - the shipped pack is a folder of plain files whose graph is act, act, judge, explore, with PASS and FAIL into the explore node and one revisit edge back
  ---
  duration_ms: 8.785458
  type: 'test'
  ...
# Subtest: the legacy timing-push chooser is a YAML file beside the judge rules, and states its rule as data
ok 114 - the legacy timing-push chooser is a YAML file beside the judge rules, and states its rule as data
  ---
  duration_ms: 0.909708
  type: 'test'
  ...
# Subtest: the check on a site that binds every input reports the inputs, the tool, the rules and the reader, with no errors
ok 115 - the check on a site that binds every input reports the inputs, the tool, the rules and the reader, with no errors
  ---
  duration_ms: 357.404792
  type: 'test'
  ...
# pack opene902-timing-probe@2 on site local: fit — 3 of 3 inputs bound, 1 tool, 2 rules, 1 reader, 1 chooser, 1 licence
# inputs:
#   flowRoot = /private/tmp/hima-tests-F2eBR1/hima-home-Jcpeah/standin-flow
#   design = opene902
#   workspaceRoot = /private/tmp/hima-tests-F2eBR1/hima-home-Jcpeah/workspace
# tools:
#   synth (tools/synth.sh): "make" is an allowed wrapper of site local
# rules:
#   setup-wns-all-nonnegative@1: found
#   clock-period-at-most@1: found
# readers:
#   dc-qor-report@1 reads qorReport: found
# choosers:
#   over-constraining-push@1 chooses at next-period: found
# licences:
#   synth holds 1 of "Design-Compiler": site local declares 1
# Subtest: a site that binds only some of the pack's inputs fails the check, naming the input it did not bind
ok 116 - a site that binds only some of the pack's inputs fails the check, naming the input it did not bind
  ---
  duration_ms: 120.905125
  type: 'test'
  ...
# Subtest: a pack whose tool runs a command the site does not allow fails the check, naming the command
ok 117 - a pack whose tool runs a command the site does not allow fails the check, naming the command
  ---
  duration_ms: 122.442334
  type: 'test'
  ...
# Subtest: a pack referencing a rule that does not exist fails the check, naming the rule
ok 118 - a pack referencing a rule that does not exist fails the check, naming the rule
  ---
  duration_ms: 121.2405
  type: 'test'
  ...
# Subtest: a pack naming a reader that does not exist fails the check, naming the reader
ok 119 - a pack naming a reader that does not exist fails the check, naming the reader
  ---
  duration_ms: 123.522875
  type: 'test'
  ...
# Subtest: a pack naming a chooser that does not exist fails the check, naming the chooser
ok 120 - a pack naming a chooser that does not exist fails the check, naming the chooser
  ---
  duration_ms: 118.506209
  type: 'test'
  ...
# Subtest: a pack binding a negative value to the chooser's parameter fails the check, naming the parameter
ok 121 - a pack binding a negative value to the chooser's parameter fails the check, naming the parameter
  ---
  duration_ms: 121.544791
  type: 'test'
  ...
# Subtest: a pack whose explore node binds nothing for the chooser's parameter fails the check, naming the parameter
ok 122 - a pack whose explore node binds nothing for the chooser's parameter fails the check, naming the parameter
  ---
  duration_ms: 118.220959
  type: 'test'
  ...
# Subtest: a pack whose act node takes an argument from a strategy knob its contract does not declare is refused when the pack is loaded, naming the knob
ok 123 - a pack whose act node takes an argument from a strategy knob its contract does not declare is refused when the pack is loaded, naming the knob
  ---
  duration_ms: 142.874042
  type: 'test'
  ...
# Subtest: a pack the packs directory does not hold is an error naming what was looked for, not an empty answer
ok 124 - a pack the packs directory does not hold is an error naming what was looked for, not an empty answer
  ---
  duration_ms: 123.968625
  type: 'test'
  ...
# Subtest: preparing a campaign on the local site creates its workspace, copies the flow into it, and records what it prepared
ok 125 - preparing a campaign on the local site creates its workspace, copies the flow into it, and records what it prepared
  ---
  duration_ms: 173.616166
  type: 'test'
  ...
# Subtest: preparing the same campaign twice copies nothing the second time and says so
ok 126 - preparing the same campaign twice copies nothing the second time and says so
  ---
  duration_ms: 224.590833
  type: 'test'
  ...
# Subtest: a workspace that is there but carries no workspace.json is not prepared over the top of
ok 127 - a workspace that is there but carries no workspace.json is not prepared over the top of
  ---
  duration_ms: 125.899375
  type: 'test'
  ...
# Subtest: a workspace prepared for another design is not reused for this one: it says whose it is and prepares nothing
ok 128 - a workspace prepared for another design is not reused for this one: it says whose it is and prepares nothing
  ---
  duration_ms: 198.640125
  type: 'test'
  ...
# Subtest: a workspace prepared from a shorter copy list than the pack now declares is not reused: it names the piece that is missing and copies nothing
ok 129 - a workspace prepared from a shorter copy list than the pack now declares is not reused: it names the piece that is missing and copies nothing
  ---
  duration_ms: 196.642833
  type: 'test'
  ...
# Subtest: a dangling symlink where the workspace goes is refused: a write would follow it wherever it points
ok 130 - a dangling symlink where the workspace goes is refused: a write would follow it wherever it points
  ---
  duration_ms: 145.727333
  type: 'test'
  ...
# Subtest: a workspace.json that cannot be read as one is an answer, not a crash
ok 131 - a workspace.json that cannot be read as one is an answer, not a crash
  ---
  duration_ms: 148.856375
  type: 'test'
  ...
# Subtest: a campaign whose workspace root is outside the permit's write roots is refused before anything is created
ok 132 - a campaign whose workspace root is outside the permit's write roots is refused before anything is created
  ---
  duration_ms: 142.190833
  type: 'test'
  ...
# Subtest: the channel admits exactly the verbs workspace preparation runs, and they are nobody else's
ok 133 - the channel admits exactly the verbs workspace preparation runs, and they are nobody else's
  ---
  duration_ms: 0.153292
  type: 'test'
  ...
# Subtest: /hima observe refuses a site file whose name is not the name asked for, naming both, and opens no run
ok 134 - /hima observe refuses a site file whose name is not the name asked for, naming both, and opens no run
  ---
  duration_ms: 339.334583
  type: 'test'
  ...
# Subtest: /hima job launch refuses a site file whose name is not the name asked for, naming both, and sends nothing to the Site
ok 135 - /hima job launch refuses a site file whose name is not the name asked for, naming both, and sends nothing to the Site
  ---
  duration_ms: 114.106709
  type: 'test'
  ...
# Subtest: /hima observe LOCAL is refused: the mismatch wording when the file resolved on a case-insensitive filesystem, the plain unknown-site wording when it did not
ok 136 - /hima observe LOCAL is refused: the mismatch wording when the file resolved on a case-insensitive filesystem, the plain unknown-site wording when it did not
  ---
  duration_ms: 113.35575
  type: 'test'
  ...
# Subtest: the committed reference site and permit record what the site owner agreed to
ok 137 - the committed reference site and permit record what the site owner agreed to
  ---
  duration_ms: 12.474166
  type: 'test'
  ...
# Subtest: a site file with a destination shaped like an ssh option is refused before any connection is attempted
ok 138 - a site file with a destination shaped like an ssh option is refused before any connection is attempted
  ---
  duration_ms: 4.038333
  type: 'test'
  ...
# Subtest: a jumps entry containing a comma is refused: it would smuggle an extra hop into -J
ok 139 - a jumps entry containing a comma is refused: it would smuggle an extra hop into -J
  ---
  duration_ms: 3.2685
  type: 'test'
  ...
# Subtest: HimaChannel admits exactly the read-only probes it runs, and nothing more
ok 140 - HimaChannel admits exactly the read-only probes it runs, and nothing more
  ---
  duration_ms: 0.220459
  type: 'test'
  ...
# Subtest: two sites that differ only in how long the connection is kept warm get their own control socket
ok 141 - two sites that differ only in how long the connection is kept warm get their own control socket
  ---
  duration_ms: 4.3845
  type: 'test'
  ...
# Subtest: local selection loads only local files; listing and inventory checking load none
ok 142 - local selection loads only local files; listing and inventory checking load none
  ---
  duration_ms: 224.301375
  type: 'test'
  ...
# Subtest: unclassified, missing and duplicate files stop the entry before any test loads
ok 143 - unclassified, missing and duplicate files stop the entry before any test loads
  ---
  duration_ms: 68.996417
  type: 'test'
  ...
# Subtest: a swallowed SSH start attempt still fails the local entry without starting SSH
ok 144 - a swallowed SSH start attempt still fails the local entry without starting SSH
  ---
  duration_ms: 81.204958
  type: 'test'
  ...
# Subtest: an explicit subset runs only named files in its group and rejects empty or foreign selections
ok 145 - an explicit subset runs only named files in its group and rejects empty or foreign selections
  ---
  duration_ms: 147.1665
  type: 'test'
  ...
# Subtest: the run view carries the whole path of a run started over HTTP: nodes, jobs, decision, meters, goal and budget
ok 146 - the run view carries the whole path of a run started over HTTP: nodes, jobs, decision, meters, goal and budget
  ---
  duration_ms: 3262.148958
  type: 'test'
  ...
# run run-da4b4e1f-a834-4b30-8485-edde07945a5b
#   synthesize: done
#   read-qor: done
#   judge: done
#   next-period: done
# Subtest: over HTTP a person resumes a blocked run and cancels the job it launched: the blocker, the request, the observed stop, and a 409 on a run whose status cannot take either
ok 147 - over HTTP a person resumes a blocked run and cancels the job it launched: the blocker, the request, the observed stop, and a 409 on a run whose status cannot take either
  ---
  duration_ms: 3574.717208
  type: 'test'
  ...
# Subtest: a run HimaFabric never started cannot be cancelled, and says so with 409 hima/run-not-in-state
ok 148 - a run HimaFabric never started cannot be cancelled, and says so with 409 hima/run-not-in-state
  ---
  duration_ms: 1651.984875
  type: 'test'
  ...
# Subtest: every route the workbench uses, and the workbench page itself, sit behind the web app's own session cookie
ok 149 - every route the workbench uses, and the workbench page itself, sit behind the web app's own session cookie
  ---
  duration_ms: 1617.577708
  type: 'test'
  ...
# Subtest: the served HimaGuide bundle claims the tool-view key of both Hima tools and carries the rendering of every run status and node state
ok 150 - the served HimaGuide bundle claims the tool-view key of both Hima tools and carries the rendering of every run status and node state
  ---
  duration_ms: 1605.56325
  type: 'test'
  ...
# Subtest: the Hima namespace answers a run round-trip over HTTP: observe, judge, and every citation resolved to the observation it was read from
ok 151 - the Hima namespace answers a run round-trip over HTTP: observe, judge, and every citation resolved to the observation it was read from
  ---
  duration_ms: 1701.046292
  type: 'test'
  ...
# Subtest: a refused read is reported as a refusal in the run view, never as an empty pass
ok 152 - a refused read is reported as a refusal in the run view, never as an empty pass
  ---
  duration_ms: 1637.918375
  type: 'test'
  ...
# Subtest: a remote error reaches the caller as a coded JSON error, never as an empty answer
ok 153 - a remote error reaches the caller as a coded JSON error, never as an empty answer
  ---
  duration_ms: 1654.545875
  type: 'test'
  ...
# Subtest: a fault that is not the caller's doing — a misconfigured site the caller could not have known about — reaches them as 500 hima/internal, never relabelled as their mistake
ok 154 - a fault that is not the caller's doing — a misconfigured site the caller could not have known about — reaches them as 500 hima/internal, never relabelled as their mistake
  ---
  duration_ms: 1603.427542
  type: 'test'
  ...
# Subtest: every /hima/api route sits behind the web app's own session cookie
ok 155 - every /hima/api route sits behind the web app's own session cookie
  ---
  duration_ms: 1606.85125
  type: 'test'
  ...
# Subtest: the Hima browser module is in the served boot graph and its bundle is served as a client-module envelope
ok 156 - the Hima browser module is in the served boot graph and its bundle is served as a client-module envelope
  ---
  duration_ms: 1608.374667
  type: 'test'
  ...
1..156
# tests 156
# suites 0
# pass 156
# fail 0
# cancelled 0
# skipped 0
# todo 0
# duration_ms 474387.259959
SSH subprocess attempts: 0
local command exit code: 0; elapsed: 474.437 s; pass/fail/skip counts are in the TAP summary above
